"DayMoYr","Date","Jdays","VolTot.L","ConSmOut_ugL.blk","ConSmOut_ugL.sd","ConOxOut_ugL.blk","ConOxOut_ugL.sd","ConEsOut_ugL.blk","ConEsOut_ugL.sd","deltaOut.blk","deltaOut.sd","SubWeeks"
2015-10-01,"01/10/2015",1,NA,NA,NA,NA,NA,NA,NA,NA,NA,NA
2015-10-02,"02/10/2015",2,NA,NA,NA,NA,NA,NA,NA,NA,NA,NA
2015-10-03,"03/10/2015",3,NA,NA,NA,NA,NA,NA,NA,NA,NA,NA
2015-10-04,"04/10/2015",4,NA,NA,NA,NA,NA,NA,NA,NA,NA,NA
2015-10-05,"05/10/2015",5,NA,NA,NA,NA,NA,NA,NA,NA,NA,NA
2015-10-06,"06/10/2015",6,NA,NA,NA,NA,NA,NA,NA,NA,NA,NA
2015-10-07,"07/10/2015",7,NA,NA,NA,NA,NA,NA,NA,NA,NA,NA
2015-10-08,"08/10/2015",8,NA,NA,NA,NA,NA,NA,NA,NA,NA,NA
2015-10-09,"09/10/2015",9,NA,NA,NA,NA,NA,NA,NA,NA,NA,NA
2015-10-10,"10/10/2015",10,NA,NA,NA,NA,NA,NA,NA,NA,NA,NA
2015-10-11,"11/10/2015",11,NA,NA,NA,NA,NA,NA,NA,NA,NA,NA
2015-10-12,"12/10/2015",12,NA,NA,NA,NA,NA,NA,NA,NA,NA,NA
2015-10-13,"13/10/2015",13,NA,NA,NA,NA,NA,NA,NA,NA,NA,NA
2015-10-14,"14/10/2015",14,NA,NA,NA,NA,NA,NA,NA,NA,NA,NA
2015-10-15,"15/10/2015",15,NA,NA,NA,NA,NA,NA,NA,NA,NA,NA
2015-10-16,"16/10/2015",16,NA,NA,NA,NA,NA,NA,NA,NA,NA,NA
2015-10-17,"17/10/2015",17,NA,NA,NA,NA,NA,NA,NA,NA,NA,NA
2015-10-18,"18/10/2015",18,NA,NA,NA,NA,NA,NA,NA,NA,NA,NA
2015-10-19,"19/10/2015",19,NA,NA,NA,NA,NA,NA,NA,NA,NA,NA
2015-10-20,"20/10/2015",20,NA,NA,NA,NA,NA,NA,NA,NA,NA,NA
2015-10-21,"21/10/2015",21,NA,NA,NA,NA,NA,NA,NA,NA,NA,NA
2015-10-22,"22/10/2015",22,NA,NA,NA,NA,NA,NA,NA,NA,NA,NA
2015-10-23,"23/10/2015",23,NA,NA,NA,NA,NA,NA,NA,NA,NA,NA
2015-10-24,"24/10/2015",24,NA,NA,NA,NA,NA,NA,NA,NA,NA,NA
2015-10-25,"25/10/2015",25,NA,NA,NA,NA,NA,NA,NA,NA,NA,NA
2015-10-26,"26/10/2015",26,NA,NA,NA,NA,NA,NA,NA,NA,NA,NA
2015-10-27,"27/10/2015",27,NA,NA,NA,NA,NA,NA,NA,NA,NA,NA
2015-10-28,"28/10/2015",28,NA,NA,NA,NA,NA,NA,NA,NA,NA,NA
2015-10-29,"29/10/2015",29,NA,NA,NA,NA,NA,NA,NA,NA,NA,NA
2015-10-30,"30/10/2015",30,NA,NA,NA,NA,NA,NA,NA,NA,NA,NA
2015-10-31,"31/10/2015",31,NA,NA,NA,NA,NA,NA,NA,NA,NA,NA
2015-11-01,"01/11/2015",32,NA,NA,NA,NA,NA,NA,NA,NA,NA,NA
2015-11-02,"02/11/2015",33,NA,NA,NA,NA,NA,NA,NA,NA,NA,NA
2015-11-03,"03/11/2015",34,NA,NA,NA,NA,NA,NA,NA,NA,NA,NA
2015-11-04,"04/11/2015",35,NA,NA,NA,NA,NA,NA,NA,NA,NA,NA
2015-11-05,"05/11/2015",36,NA,NA,NA,NA,NA,NA,NA,NA,NA,NA
2015-11-06,"06/11/2015",37,NA,NA,NA,NA,NA,NA,NA,NA,NA,NA
2015-11-07,"07/11/2015",38,NA,NA,NA,NA,NA,NA,NA,NA,NA,NA
2015-11-08,"08/11/2015",39,NA,NA,NA,NA,NA,NA,NA,NA,NA,NA
2015-11-09,"09/11/2015",40,NA,NA,NA,NA,NA,NA,NA,NA,NA,NA
2015-11-10,"10/11/2015",41,NA,NA,NA,NA,NA,NA,NA,NA,NA,NA
2015-11-11,"11/11/2015",42,NA,NA,NA,NA,NA,NA,NA,NA,NA,NA
2015-11-12,"12/11/2015",43,NA,NA,NA,NA,NA,NA,NA,NA,NA,NA
2015-11-13,"13/11/2015",44,NA,NA,NA,NA,NA,NA,NA,NA,NA,NA
2015-11-14,"14/11/2015",45,NA,NA,NA,NA,NA,NA,NA,NA,NA,NA
2015-11-15,"15/11/2015",46,NA,NA,NA,NA,NA,NA,NA,NA,NA,NA
2015-11-16,"16/11/2015",47,NA,NA,NA,NA,NA,NA,NA,NA,NA,NA
2015-11-17,"17/11/2015",48,NA,NA,NA,NA,NA,NA,NA,NA,NA,NA
2015-11-18,"18/11/2015",49,NA,NA,NA,NA,NA,NA,NA,NA,NA,NA
2015-11-19,"19/11/2015",50,NA,NA,NA,NA,NA,NA,NA,NA,NA,NA
2015-11-20,"20/11/2015",51,NA,NA,NA,NA,NA,NA,NA,NA,NA,NA
2015-11-21,"21/11/2015",52,NA,NA,NA,NA,NA,NA,NA,NA,NA,NA
2015-11-22,"22/11/2015",53,NA,NA,NA,NA,NA,NA,NA,NA,NA,NA
2015-11-23,"23/11/2015",54,NA,NA,NA,NA,NA,NA,NA,NA,NA,NA
2015-11-24,"24/11/2015",55,NA,NA,NA,NA,NA,NA,NA,NA,NA,NA
2015-11-25,"25/11/2015",56,NA,NA,NA,NA,NA,NA,NA,NA,NA,NA
2015-11-26,"26/11/2015",57,NA,NA,NA,NA,NA,NA,NA,NA,NA,NA
2015-11-27,"27/11/2015",58,NA,NA,NA,NA,NA,NA,NA,NA,NA,NA
2015-11-28,"28/11/2015",59,NA,NA,NA,NA,NA,NA,NA,NA,NA,NA
2015-11-29,"29/11/2015",60,NA,NA,NA,NA,NA,NA,NA,NA,NA,NA
2015-11-30,"30/11/2015",61,NA,NA,NA,NA,NA,NA,NA,NA,NA,NA
2015-12-01,"01/12/2015",62,NA,NA,NA,NA,NA,NA,NA,NA,NA,NA
2015-12-02,"02/12/2015",63,NA,NA,NA,NA,NA,NA,NA,NA,NA,NA
2015-12-03,"03/12/2015",64,NA,NA,NA,NA,NA,NA,NA,NA,NA,NA
2015-12-04,"04/12/2015",65,NA,NA,NA,NA,NA,NA,NA,NA,NA,NA
2015-12-05,"05/12/2015",66,NA,NA,NA,NA,NA,NA,NA,NA,NA,NA
2015-12-06,"06/12/2015",67,NA,NA,NA,NA,NA,NA,NA,NA,NA,NA
2015-12-07,"07/12/2015",68,NA,NA,NA,NA,NA,NA,NA,NA,NA,NA
2015-12-08,"08/12/2015",69,NA,NA,NA,NA,NA,NA,NA,NA,NA,NA
2015-12-09,"09/12/2015",70,NA,NA,NA,NA,NA,NA,NA,NA,NA,NA
2015-12-10,"10/12/2015",71,NA,NA,NA,NA,NA,NA,NA,NA,NA,NA
2015-12-11,"11/12/2015",72,NA,NA,NA,NA,NA,NA,NA,NA,NA,NA
2015-12-12,"12/12/2015",73,NA,NA,NA,NA,NA,NA,NA,NA,NA,NA
2015-12-13,"13/12/2015",74,NA,NA,NA,NA,NA,NA,NA,NA,NA,NA
2015-12-14,"14/12/2015",75,NA,NA,NA,NA,NA,NA,NA,NA,NA,NA
2015-12-15,"15/12/2015",76,NA,NA,NA,NA,NA,NA,NA,NA,NA,NA
2015-12-16,"16/12/2015",77,NA,NA,NA,NA,NA,NA,NA,NA,NA,NA
2015-12-17,"17/12/2015",78,NA,NA,NA,NA,NA,NA,NA,NA,NA,NA
2015-12-18,"18/12/2015",79,NA,NA,NA,NA,NA,NA,NA,NA,NA,NA
2015-12-19,"19/12/2015",80,NA,NA,NA,NA,NA,NA,NA,NA,NA,NA
2015-12-20,"20/12/2015",81,NA,NA,NA,NA,NA,NA,NA,NA,NA,NA
2015-12-21,"21/12/2015",82,NA,NA,NA,NA,NA,NA,NA,NA,NA,NA
2015-12-22,"22/12/2015",83,NA,NA,NA,NA,NA,NA,NA,NA,NA,NA
2015-12-23,"23/12/2015",84,NA,NA,NA,NA,NA,NA,NA,NA,NA,NA
2015-12-24,"24/12/2015",85,NA,NA,NA,NA,NA,NA,NA,NA,NA,NA
2015-12-25,"25/12/2015",86,NA,NA,NA,NA,NA,NA,NA,NA,NA,NA
2015-12-26,"26/12/2015",87,NA,NA,NA,NA,NA,NA,NA,NA,NA,NA
2015-12-27,"27/12/2015",88,NA,NA,NA,NA,NA,NA,NA,NA,NA,NA
2015-12-28,"28/12/2015",89,NA,NA,NA,NA,NA,NA,NA,NA,NA,NA
2015-12-29,"29/12/2015",90,NA,NA,NA,NA,NA,NA,NA,NA,NA,NA
2015-12-30,"30/12/2015",91,NA,NA,NA,NA,NA,NA,NA,NA,NA,NA
2015-12-31,"31/12/2015",92,NA,NA,NA,NA,NA,NA,NA,NA,NA,NA
2016-01-01,"01/01/2016",93,NA,NA,NA,NA,NA,NA,NA,NA,NA,NA
2016-01-02,"02/01/2016",94,NA,NA,NA,NA,NA,NA,NA,NA,NA,NA
2016-01-03,"03/01/2016",95,NA,NA,NA,NA,NA,NA,NA,NA,NA,NA
2016-01-04,"04/01/2016",96,NA,NA,NA,NA,NA,NA,NA,NA,NA,NA
2016-01-05,"05/01/2016",97,NA,NA,NA,NA,NA,NA,NA,NA,NA,NA
2016-01-06,"06/01/2016",98,NA,NA,NA,NA,NA,NA,NA,NA,NA,NA
2016-01-07,"07/01/2016",99,NA,NA,NA,NA,NA,NA,NA,NA,NA,NA
2016-01-08,"08/01/2016",100,NA,NA,NA,NA,NA,NA,NA,NA,NA,NA
2016-01-09,"09/01/2016",101,NA,NA,NA,NA,NA,NA,NA,NA,NA,NA
2016-01-10,"10/01/2016",102,NA,NA,NA,NA,NA,NA,NA,NA,NA,NA
2016-01-11,"11/01/2016",103,NA,NA,NA,NA,NA,NA,NA,NA,NA,NA
2016-01-12,"12/01/2016",104,NA,NA,NA,NA,NA,NA,NA,NA,NA,NA
2016-01-13,"13/01/2016",105,NA,NA,NA,NA,NA,NA,NA,NA,NA,NA
2016-01-14,"14/01/2016",106,NA,NA,NA,NA,NA,NA,NA,NA,NA,NA
2016-01-15,"15/01/2016",107,NA,NA,NA,NA,NA,NA,NA,NA,NA,NA
2016-01-16,"16/01/2016",108,NA,NA,NA,NA,NA,NA,NA,NA,NA,NA
2016-01-17,"17/01/2016",109,NA,NA,NA,NA,NA,NA,NA,NA,NA,NA
2016-01-18,"18/01/2016",110,NA,NA,NA,NA,NA,NA,NA,NA,NA,NA
2016-01-19,"19/01/2016",111,NA,NA,NA,NA,NA,NA,NA,NA,NA,NA
2016-01-20,"20/01/2016",112,NA,NA,NA,NA,NA,NA,NA,NA,NA,NA
2016-01-21,"21/01/2016",113,NA,NA,NA,NA,NA,NA,NA,NA,NA,NA
2016-01-22,"22/01/2016",114,NA,NA,NA,NA,NA,NA,NA,NA,NA,NA
2016-01-23,"23/01/2016",115,NA,NA,NA,NA,NA,NA,NA,NA,NA,NA
2016-01-24,"24/01/2016",116,NA,NA,NA,NA,NA,NA,NA,NA,NA,NA
2016-01-25,"25/01/2016",117,NA,NA,NA,NA,NA,NA,NA,NA,NA,NA
2016-01-26,"26/01/2016",118,NA,NA,NA,NA,NA,NA,NA,NA,NA,NA
2016-01-27,"27/01/2016",119,NA,NA,NA,NA,NA,NA,NA,NA,NA,NA
2016-01-28,"28/01/2016",120,NA,NA,NA,NA,NA,NA,NA,NA,NA,NA
2016-01-29,"29/01/2016",121,NA,NA,NA,NA,NA,NA,NA,NA,NA,NA
2016-01-30,"30/01/2016",122,NA,NA,NA,NA,NA,NA,NA,NA,NA,NA
2016-01-31,"31/01/2016",123,NA,NA,NA,NA,NA,NA,NA,NA,NA,NA
2016-02-01,"01/02/2016",124,NA,NA,NA,NA,NA,NA,NA,NA,NA,NA
2016-02-02,"02/02/2016",125,NA,NA,NA,NA,NA,NA,NA,NA,NA,NA
2016-02-03,"03/02/2016",126,NA,NA,NA,NA,NA,NA,NA,NA,NA,NA
2016-02-04,"04/02/2016",127,NA,NA,NA,NA,NA,NA,NA,NA,NA,NA
2016-02-05,"05/02/2016",128,NA,NA,NA,NA,NA,NA,NA,NA,NA,NA
2016-02-06,"06/02/2016",129,NA,NA,NA,NA,NA,NA,NA,NA,NA,NA
2016-02-07,"07/02/2016",130,NA,NA,NA,NA,NA,NA,NA,NA,NA,NA
2016-02-08,"08/02/2016",131,NA,NA,NA,NA,NA,NA,NA,NA,NA,NA
2016-02-09,"09/02/2016",132,NA,NA,NA,NA,NA,NA,NA,NA,NA,NA
2016-02-10,"10/02/2016",133,NA,NA,NA,NA,NA,NA,NA,NA,NA,NA
2016-02-11,"11/02/2016",134,NA,NA,NA,NA,NA,NA,NA,NA,NA,NA
2016-02-12,"12/02/2016",135,NA,NA,NA,NA,NA,NA,NA,NA,NA,NA
2016-02-13,"13/02/2016",136,NA,NA,NA,NA,NA,NA,NA,NA,NA,NA
2016-02-14,"14/02/2016",137,NA,NA,NA,NA,NA,NA,NA,NA,NA,NA
2016-02-15,"15/02/2016",138,NA,NA,NA,NA,NA,NA,NA,NA,NA,NA
2016-02-16,"16/02/2016",139,NA,NA,NA,NA,NA,NA,NA,NA,NA,NA
2016-02-17,"17/02/2016",140,NA,NA,NA,NA,NA,NA,NA,NA,NA,NA
2016-02-18,"18/02/2016",141,NA,NA,NA,NA,NA,NA,NA,NA,NA,NA
2016-02-19,"19/02/2016",142,NA,NA,NA,NA,NA,NA,NA,NA,NA,NA
2016-02-20,"20/02/2016",143,NA,NA,NA,NA,NA,NA,NA,NA,NA,NA
2016-02-21,"21/02/2016",144,NA,NA,NA,NA,NA,NA,NA,NA,NA,NA
2016-02-22,"22/02/2016",145,NA,NA,NA,NA,NA,NA,NA,NA,NA,NA
2016-02-23,"23/02/2016",146,NA,NA,NA,NA,NA,NA,NA,NA,NA,NA
2016-02-24,"24/02/2016",147,NA,NA,NA,NA,NA,NA,NA,NA,NA,NA
2016-02-25,"25/02/2016",148,NA,NA,NA,NA,NA,NA,NA,NA,NA,NA
2016-02-26,"26/02/2016",149,NA,NA,NA,NA,NA,NA,NA,NA,NA,NA
2016-02-27,"27/02/2016",150,NA,NA,NA,NA,NA,NA,NA,NA,NA,NA
2016-02-28,"28/02/2016",151,NA,NA,NA,NA,NA,NA,NA,NA,NA,NA
2016-02-29,"29/02/2016",152,NA,NA,NA,NA,NA,NA,NA,NA,NA,NA
2016-03-01,"01/03/2016",153,NA,NA,NA,NA,NA,NA,NA,NA,NA,NA
2016-03-02,"02/03/2016",154,NA,NA,NA,NA,NA,NA,NA,NA,NA,NA
2016-03-03,"03/03/2016",155,NA,NA,NA,NA,NA,NA,NA,NA,NA,NA
2016-03-04,"04/03/2016",156,NA,NA,NA,NA,NA,NA,NA,NA,NA,NA
2016-03-05,"05/03/2016",157,NA,NA,NA,NA,NA,NA,NA,NA,NA,NA
2016-03-06,"06/03/2016",158,NA,NA,NA,NA,NA,NA,NA,NA,NA,NA
2016-03-07,"07/03/2016",159,NA,NA,NA,NA,NA,NA,NA,NA,NA,NA
2016-03-08,"08/03/2016",160,NA,NA,NA,NA,NA,NA,NA,NA,NA,NA
2016-03-09,"09/03/2016",161,NA,NA,NA,NA,NA,NA,NA,NA,NA,NA
2016-03-10,"10/03/2016",162,NA,NA,NA,NA,NA,NA,NA,NA,NA,NA
2016-03-11,"11/03/2016",163,NA,NA,NA,NA,NA,NA,NA,NA,NA,NA
2016-03-12,"12/03/2016",164,NA,NA,NA,NA,NA,NA,NA,NA,NA,NA
2016-03-13,"13/03/2016",165,NA,NA,NA,NA,NA,NA,NA,NA,NA,NA
2016-03-14,"14/03/2016",166,NA,NA,NA,NA,NA,NA,NA,NA,NA,NA
2016-03-15,"15/03/2016",167,NA,NA,NA,NA,NA,NA,NA,NA,NA,NA
2016-03-16,"16/03/2016",168,NA,NA,NA,NA,NA,NA,NA,NA,NA,NA
2016-03-17,"17/03/2016",169,NA,NA,NA,NA,NA,NA,NA,NA,NA,NA
2016-03-18,"18/03/2016",170,NA,NA,NA,NA,NA,NA,NA,NA,NA,NA
2016-03-19,"19/03/2016",171,NA,NA,NA,NA,NA,NA,NA,NA,NA,NA
2016-03-20,"20/03/2016",172,NA,NA,NA,NA,NA,NA,NA,NA,NA,NA
2016-03-21,"21/03/2016",173,NA,NA,NA,NA,NA,NA,NA,NA,NA,NA
2016-03-22,"22/03/2016",174,NA,NA,NA,NA,NA,NA,NA,NA,NA,NA
2016-03-23,"23/03/2016",175,NA,NA,NA,NA,NA,NA,NA,NA,NA,NA
2016-03-24,"24/03/2016",176,NA,NA,NA,NA,NA,NA,NA,NA,NA,NA
2016-03-25,"25/03/2016",177,42938.546547762,0.245659365,0.00102151713117971,4.8241,0.0603811317207932,18.0553,0.185005163705938,NA,NA,"W0-0x"
2016-03-26,"26/03/2016",178,28654.5789074788,0.245659365,0.000720488967225665,4.8241,0.0425875767577097,18.0553,0.130486484525199,NA,NA,"W0-1"
2016-03-27,"27/03/2016",179,28440.0788353364,0.245659365,0.000720268810739018,4.8241,0.0425745634685404,18.0553,0.130446612372682,NA,NA,"W0-1"
2016-03-28,"28/03/2016",180,30558.9899471207,0.371210995857644,0.00113952242805253,5.3174168410039,0.0575043927707334,18.591241460943,0.13609731278119,NA,NA,"W0-1"
2016-03-29,"29/03/2016",181,29590.4178722679,NA,NA,NA,NA,NA,NA,NA,NA,"W0-2x"
2016-03-30,"30/03/2016",182,46096.0116262824,5.98402122895623,0.0189180506869672,27.3712427804378,0.667947047349867,42.5506093781446,0.214072706881386,-31.4666666666667,0.115470053837927,"W0-2x"
2016-03-31,"31/03/2016",183,486587.670182127,6.72971988011701,0.0133618483108468,31.0363214854473,0.365183423134142,44.7723437627047,0.121575563421534,-31.5666666666667,0.134111288501561,"W1-1"
2016-04-01,"01/04/2016",184,373460.272113176,6.92008853162584,0.0105447090307522,41.465549866669,0.0191213003593164,48.4151337430578,0.0576055857052244,-31.6666666666667,0.152752523165195,"W1-2"
2016-04-02,"02/04/2016",185,298173.578432551,NA,NA,NA,NA,NA,NA,NA,NA,"W1-3x"
2016-04-03,"03/04/2016",186,195667.972181916,NA,NA,NA,NA,NA,NA,NA,NA,"W1-3x"
2016-04-04,"04/04/2016",187,149424.590354145,NA,NA,NA,NA,NA,NA,NA,NA,"W1-3x"
2016-04-05,"05/04/2016",188,227605.13841329,9.04493363638418,0.0192595264464988,94.5617745361818,0.0638144235916707,90.6328993617744,0.158170363557829,-31.1333333333333,0.0577350269189613,"W1-3x"
2016-04-06,"06/04/2016",189,330868.300970258,6.4543911603439,0.0110212320558327,76.9074184306414,0.0483161812476942,81.9796423096867,0.0903762871176432,-31.2066666666666,0.282343350572212,"W2-1"
2016-04-07,"07/04/2016",190,233374.119175948,1.042188295,0.00146676240649404,26.8858,0.0229181626014693,51.9525,0.00717601484734531,-31.28,0.506951674225463,"W2-2"
2016-04-08,"08/04/2016",191,172600.74765572,3.56401680980314,0.0149046178107819,32.7732880296238,0.144615727160929,42.9229301912591,0.0357816071219722,-31.28,0.506951674225463,"W2-2"
2016-04-09,"09/04/2016",192,160034.103999615,NA,NA,NA,NA,NA,NA,NA,NA,"W2-3x"
2016-04-10,"10/04/2016",193,133994.770592836,NA,NA,NA,NA,NA,NA,NA,NA,"W2-3x"
2016-04-11,"11/04/2016",194,140936.220433905,NA,NA,NA,NA,NA,NA,NA,NA,"W2-3x"
2016-04-12,"12/04/2016",195,146708.007301286,NA,NA,NA,NA,NA,NA,NA,NA,"W2-3x"
2016-04-13,"13/04/2016",196,134128.652043624,NA,NA,NA,NA,NA,NA,NA,NA,"W2-3x"
2016-04-14,"14/04/2016",197,124273.682057104,7.58490495838523,0.0243885293729557,42.1604968363578,0.15206290256823,28.5258805831515,0.0229667695279907,-30.9666666666667,0.115470053837927,"W2-3x"
2016-04-15,"15/04/2016",198,137350.595657917,8.8357358,0.0180419324500924,45.0807,0.101881013871535,24.0472,0.0125258202394241,-30.9666666666667,0.115470053837927,"W3-1"
2016-04-16,"16/04/2016",199,456543.495022742,9.41282517978813,0.0384430059411712,92.3319515294747,0.252190335051619,62.5591158616496,0.0642505839039018,-30.8833333333334,0.144337567297408,"W3-1"
2016-04-17,"17/04/2016",200,1596313.37894717,8.61442319339136,0.0459606715690942,160.026203495498,0.343999229548323,122.292081412481,0.125006543741829,-30.8,0.173205080756888,"W3-2"
2016-04-18,"18/04/2016",201,814934.405069819,3.92286066627648,0.0192244914606985,70.1818411419507,0.179449594163458,59.1478595747728,0.0979566420136126,-31.4333333333333,0.493288286231624,"W3-2.1x"
2016-04-19,"19/04/2016",202,287224.964313408,0.871835608,0.000707204084563669,11.7541,0.0278818972063081,18.0838,0.0309326552519524,-31.4333333333333,0.493288286231624,"W3-3"
2016-04-20,"20/04/2016",203,194597.918810897,0.871835608,0.000701442449636166,11.7541,0.0276547416845918,18.0838,0.0306806450178627,-31.4333333333333,0.493288286231624,"W3-3"
2016-04-21,"21/04/2016",204,163799.069517694,0.643046160386914,0.00070581789155666,4.99363164396963,0.0242767992882527,10.0362171897657,0.0327038410448971,-31.4333333333333,0.493288286231624,"W3-3"
2016-04-22,"22/04/2016",205,174209.695470694,0.501218996,0.000347124405200006,0.8028,0.00916199183584947,5.0475,0.0175168914055719,NA,NA,"W4-1"
2016-04-23,"23/04/2016",206,154682.339945807,1.21749735651684,0.00144441428450585,0.907069647979224,0.0265826325098995,4.76997375083713,0.0312545417839648,NA,NA,"W4-1"
2016-04-24,"24/04/2016",207,133954.045864961,NA,NA,NA,NA,NA,NA,NA,NA,"W4-2x"
2016-04-25,"25/04/2016",208,157293.437424433,NA,NA,NA,NA,NA,NA,NA,NA,"W4-2x"
2016-04-26,"26/04/2016",209,175724.059085546,3.07306243645299,0.00347799525572339,1.17718686546416,0.0503586981569651,4.05102418444133,0.0260173964203212,-31.4333333333333,0.208166599946614,"W4-2x"
2016-04-27,"27/04/2016",210,145227.674660664,3.586989839,0.0028777332128687,1.252,0.0405493684473048,3.8519,0.0174939322985797,-31.4333333333333,0.208166599946614,"W5-1"
2016-04-28,"28/04/2016",211,149036.94856295,3.586989839,0.00287968431690129,1.252,0.0405768609319947,3.8519,0.0175057931902359,-31.4333333333333,0.208166599946614,"W5-1"
2016-04-29,"29/04/2016",212,157317.240811019,3.586989839,0.00288065613229732,1.252,0.0405905545226237,3.8519,0.0175117009209001,-31.4333333333333,0.208166599946614,"W5-1"
2016-04-30,"30/04/2016",213,160596.734392738,3.586989839,0.00288181835666814,1.252,0.0406069311151515,3.8519,0.0175187661604324,-31.4333333333333,0.208166599946614,"W5-1"
2016-05-01,"01/05/2016",214,493368.698676425,2.097642714321,0.00261930440795225,4.10124071964796,0.0426945760834798,13.2916340176201,0.0372103328977498,-31.0416666666667,0.360500928072469,"W5-1"
2016-05-02,"02/05/2016",215,500506.259735028,0.813034214,0.000717581613448252,6.5588,0.0174672467052743,21.4337,0.0314227617353932,-30.65,0.512835256198324,"W5-2"
2016-05-03,"03/05/2016",216,254503.872101,0.521756799582927,0.000617607522241753,3.74034127493975,0.013783181418039,12.8552506341115,0.0297558351439293,-30.65,0.512835256198324,"W5-2"
2016-05-04,"04/05/2016",217,154799.854016621,0.143494568,8.02467125444226e-05,0.0802,6.71832942232375e-05,1.715,0.00760290946292971,NA,NA,"W6-1"
2016-05-05,"05/05/2016",218,137036.863076425,0.143494568,8.02071614902604e-05,0.0802,6.71501817127762e-05,1.715,0.00759916223049583,NA,NA,"W6-1"
2016-05-06,"06/05/2016",219,163067.549673421,0.143494568,8.05921525714962e-05,0.0802,6.74724998272992e-05,1.715,0.00763563789712269,NA,NA,"W6-1"
2016-05-07,"07/05/2016",220,136258.916425975,0.143494568,8.02180803256258e-05,0.0802,6.71593230633146e-05,1.715,0.0076001967266651,NA,NA,"W6-1"
2016-05-08,"08/05/2016",221,121090.516355417,0.143494568,8.02080470062253e-05,0.0802,6.71509230749793e-05,1.715,0.00759924612798516,NA,NA,"W6-1"
2016-05-09,"09/05/2016",222,96461.3295414078,0.143494568,8.05752367024395e-05,0.0802,6.7458337704368e-05,1.715,0.00763403521687764,NA,NA,"W6-1"
2016-05-10,"10/05/2016",223,87738.0730549264,0.0415240737152208,9.9915751455042e-05,2.03310320430099,0.00918385563934626,9.50361054103662,0.0143095895130635,NA,NA,"W6-1"
2016-05-11,"11/05/2016",224,281592.394032375,0.041090858,0.000165306420692491,2.0414,0.0160295163057325,9.5367,0.0241191179167863,NA,NA,"W6-2"
2016-05-12,"12/05/2016",225,3073052.69657286,1.99690791170841,0.00604951316430671,8.65519849676156,0.0625895735875859,21.673487467658,0.209944564602507,-30.4083333333333,0.0642228525188096,"W6-2"
2016-05-13,"13/05/2016",226,1597656.10220188,0.152624667486587,0.000195986817559813,1.09885970090513,0.00485401639719028,2.72264579231343,0.0116261851456385,NA,NA,"W6-5x"
2016-05-14,"14/05/2016",227,830917.970770004,0.188811426,0.000154515320248798,1.2178,0.00379230193400754,1.9258,0.00755789751636714,NA,NA,"W7-1"
2016-05-15,"15/05/2016",228,393614.786410727,0.188811426,0.000153646277605867,1.2178,0.00377097283803042,1.9258,0.00751538952931414,NA,NA,"W7-1"
2016-05-16,"16/05/2016",229,251994.727677588,0.195736173153472,0.000233219266722081,3.22020750187407,0.00537276419898463,9.25670658847024,0.0179583618593078,NA,NA,"W7-1"
2016-05-17,"17/05/2016",230,161253.802669919,0.240855346283574,0.000515202703898961,16.2671778463107,0.0100053457792703,57.0222691765502,0.0744336697966956,NA,NA,"W7-2x"
2016-05-18,"18/05/2016",231,122595.49221373,0.25050556,0.000451064044918895,19.0577,0.0086183452751253,67.2385,0.0678051112684533,NA,NA,"W8-1"
2016-05-19,"19/05/2016",232,121003.404215646,0.25050556,0.000452790938300486,19.0577,0.00865134050847082,67.2385,0.068064702338073,NA,NA,"W8-1"
2016-05-20,"20/05/2016",233,124881.898611786,0.25050556,0.000450956279301352,19.0577,0.00861628622982732,67.2385,0.0677889116627193,NA,NA,"W8-1"
2016-05-21,"21/05/2016",234,123659.094181303,0.25050556,0.00045282892896477,19.0577,0.00865206638468667,67.2385,0.0680704131927686,NA,NA,"W8-1"
2016-05-22,"22/05/2016",235,145473.618413894,0.25050556,0.000455257565644204,19.0577,0.00869846961652697,67.2385,0.0684354921258706,NA,NA,"W8-1"
2016-05-23,"23/05/2016",236,104789.914730504,0.244965490843307,0.000503171625125367,18.3751205202363,0.0107377981760499,64.6782041593898,0.0724594103663936,NA,NA,"W8-1"
2016-05-24,"24/05/2016",237,105399.845550656,0.194732451941315,0.000338671000984789,12.1860206027289,0.017784923018131,41.4634324797614,0.0189097544355756,-30.55,0.413521462562707,"W8-2x"
2016-05-25,"25/05/2016",238,105114.086209306,0.18378898,0.000214094316875721,10.8377,0.0136587698327333,36.406,0.00512110622073807,-30.55,0.413521462562707,"W9-1"
2016-05-26,"26/05/2016",239,93993.3581852275,0.18378898,0.000214151504024227,10.8377,0.013662418253253,36.406,0.00512247412936,-30.55,0.413521462562707,"W9-1"
2016-05-27,"27/05/2016",240,91940.8627217224,0.18378898,0.000213994523741456,10.8377,0.0136524032393939,36.406,0.00511871918287489,-30.55,0.413521462562707,"W9-1"
2016-05-28,"28/05/2016",241,88462.9006159696,0.18378898,0.000213996927109976,10.8377,0.0136525565692811,36.406,0.00511877667111494,-30.55,0.413521462562707,"W9-1"
2016-05-29,"29/05/2016",242,281745.065900185,22.3908739887125,0.10814032682319,121.344089336845,0.282353681696371,257.182598154597,0.356429619127955,-30.9875,0.446117508220438,"W9-1"
2016-05-30,"30/05/2016",243,1470583.19822071,11.4398339316758,0.0183731256910407,122.644614283665,0.345606437006999,62.2989057461285,0.101643327609192,-30.2527777777778,0.210488692347787,"W9-2"
2016-05-31,"31/05/2016",244,860603.343435305,0.513993882,7.11860466779196e-05,21.3114,0.00270611662738856,82.8755,0.0950909492645415,-29.0666666666667,0.251661147842358,"W9-5x"
2016-06-01,"01/06/2016",245,440421.623764541,0.513993882,5.14050686088639e-05,21.3114,0.00195414856402814,82.8755,0.0686673442218552,-29.0666666666667,0.251661147842358,"W10-1"
2016-06-02,"02/06/2016",246,319023.239319278,1.70596823048632,0.000772856849256671,17.9037260292664,0.00558577280744968,53.4904708990765,0.0612045001111756,-29.5458333333333,0.365187350860263,"W10-1"
2016-06-03,"03/06/2016",247,935365.375898123,3.36070051718643,0.00242915007396885,29.5052878249471,0.0653698341642241,11.6660221850004,0.0152941049968338,-30.1958333333333,0.514735304303389,"W10-2"
2016-06-04,"04/06/2016",248,2840734.19806556,4.42692533470022,0.00685369452160717,37.7925206976342,0.0350180398755096,26.1675518236782,0.0462024960706267,-30.1622222222222,0.40487573334569,"W10-3"
2016-06-05,"05/06/2016",249,1214483.66819368,NA,NA,NA,NA,NA,NA,NA,NA,"W10-6x"
2016-06-06,"06/06/2016",250,677930.085318061,NA,NA,NA,NA,NA,NA,NA,NA,"W10-6x"
2016-06-07,"07/06/2016",251,443255.305487883,1.60532499111933,0.00110897661619505,46.0432140470237,0.0283649206156573,97.8949380699048,0.164384660676701,-28.6,0.458257569495585,"W10-6x"
2016-06-08,"08/06/2016",252,390752.383277314,0.746468893,5.82784871231432e-05,48.2268,0.0227713475352495,117.1198,0.146962803594668,-28.6,0.458257569495585,"W11-1"
2016-06-09,"09/06/2016",253,281423.299318259,0.746468893,5.62396904278756e-05,48.2268,0.0219747217065186,117.1198,0.141821502008321,-28.6,0.458257569495585,"W11-1"
2016-06-10,"10/06/2016",254,227112.161786786,3.54323517708523,0.0113344301541546,18.5005037111424,0.017001262659137,52.2468701145467,0.0787260185497958,-29.19,0.458257569495585,"W11-1"
2016-06-11,"11/06/2016",255,223603.976807894,4.459848052,NA,8.758,0.00665847950810759,30.9854,0.00654581488022083,-29.78,NA,"W11-2"
2016-06-12,"12/06/2016",256,220667.998898577,4.459848052,NA,8.758,0.00666828655946715,30.9854,0.00655545599162507,-29.78,NA,"W11-2"
2016-06-13,"13/06/2016",257,196886.061512686,4.459848052,NA,8.758,0.00674768633085984,30.9854,0.00663351228126831,-29.78,NA,"W11-2"
2016-06-14,"14/06/2016",258,1006902.4503471,0.725284024642575,0.0415286395047288,10.4739397267273,0.724072351795563,17.1238819163081,0.190869966693651,-29.8566666666666,0.450924975282289,"W11-2"
2016-06-15,"15/06/2016",259,686343.639406426,0.0140701654770922,0.0382994312508749,4.51814400881429,0.302010957977006,2.63087326835759,0.0567760885468705,NA,NA,"W12-1"
2016-06-16,"16/06/2016",260,1205686.87752843,0.0225453058810968,0.0327414346713623,2.29541577407633,0.00889841297936756,2.52862192974887,0.00240911192482961,NA,NA,"W12-2"
2016-06-17,"17/06/2016",261,1656964.95609857,0.819190836465158,0.0266695961083324,5.80157852655938,0.00518766236917318,14.9503298294515,0.163009515045129,NA,NA,"W12-3"
2016-06-18,"18/06/2016",262,853504.878711855,NA,NA,NA,NA,NA,NA,NA,NA,"W12-5x"
2016-06-19,"19/06/2016",263,604968.988938638,NA,NA,NA,NA,NA,NA,NA,NA,"W12-5x"
2016-06-20,"20/06/2016",264,381315.662919705,NA,NA,NA,NA,NA,NA,NA,NA,"W12-5x"
2016-06-21,"21/06/2016",265,278205.235592793,5.55627548723512,0.0213074870786342,27.8315488649077,0.020573296359092,80.1961929958869,1.13107120129432,-30.6,NA,"W12-5x"
2016-06-22,"22/06/2016",266,210636.122327402,6.799778499,NA,33.6227,0.0176362290741081,97.3014,0.980116824526234,-30.6,NA,"W13-1"
2016-06-23,"23/06/2016",267,177053.994809446,6.799778499,NA,33.6227,0.0176357702541807,97.3014,0.980091326040794,-30.6,NA,"W13-1"
2016-06-24,"24/06/2016",268,154839.122388491,10.5418145778748,0.0165230270803467,43.3923157973663,0.0309670094238659,76.7173660608704,0.808187399241667,-29.8,NA,"W13-1"
2016-06-25,"25/06/2016",269,921903.354806892,10.1811398260003,0.0114366766028292,81.6606654648773,0.106192473937632,94.1786576064362,0.284892315452571,-29,NA,"W13-2"
2016-06-26,"26/06/2016",270,321958.542069217,1.018867237,NA,111.9213,0.118695633960808,165.965,0.402321770301282,NA,NA,"W13-3"
2016-06-27,"27/06/2016",271,224046.864296892,1.018867237,NA,111.9213,0.118424381053105,165.965,0.401402351899908,NA,NA,"W13-3"
2016-06-28,"28/06/2016",272,206161.166222336,0.463359687772481,0.00592122666636143,40.6075450334677,0.0704562073465037,70.9910158076071,0.281118898025712,NA,NA,"W13-3"
2016-06-29,"29/06/2016",273,174127.950103953,0.148914686,NA,0.2404,0.000734589705396398,17.231,0.0546206599220632,NA,NA,"W14-1"
2016-06-30,"30/06/2016",274,169211.383216397,0.148914686,NA,0.2404,0.000740326573752639,17.231,0.0550472266615668,NA,NA,"W14-1"
2016-07-01,"01/07/2016",275,157011.236347875,0.148914686,NA,0.2404,0.000735867680563591,17.231,0.0547156841872867,NA,NA,"W14-1"
2016-07-02,"02/07/2016",276,140281.07701215,0.148914686,NA,0.2404,0.000737100770652058,17.231,0.0548073710076718,NA,NA,"W14-1"
2016-07-03,"03/07/2016",277,106463.488834163,0.148914686,NA,0.2404,0.000740010605624084,17.231,0.0550237327471146,NA,NA,"W14-1"
2016-07-04,"04/07/2016",278,102040.969934439,0.156035196253521,0.0015714974057207,5.49576582747019,0.0231139094820123,44.5597798992724,0.0615312028586088,NA,NA,"W14-1"
2016-07-05,"05/07/2016",279,87667.0195453348,0.167251535,3.17302494178814e-05,13.7741,0.0361687513658651,87.6085,0.0301997315047836,NA,NA,"W15-1"
2016-07-06,"06/07/2016",280,69385.2379189187,0.167251535,3.17012378460255e-05,13.7741,0.0361356815870755,87.6085,0.030172119314629,NA,NA,"W15-1"
2016-07-07,"07/07/2016",281,64482.6387434623,0.167251535,3.1709953649423e-05,13.7741,0.0361456165775599,87.6085,0.0301804147086861,NA,NA,"W15-1"
2016-07-08,"08/07/2016",282,58463.5239056155,0.167251535,3.17274508199904e-05,13.7741,0.0361655612935161,87.6085,0.030197067898085,NA,NA,"W15-1"
2016-07-09,"09/07/2016",283,56186.2563447766,0.167251535,3.17196110207284e-05,13.7741,0.0361566248446868,87.6085,0.0301896062538462,NA,NA,"W15-1"
2016-07-10,"10/07/2016",284,54981.3718005937,0.167251535,3.17270893790484e-05,13.7741,0.0361651492933647,87.6085,0.0301967238913531,NA,NA,"W15-1"
2016-07-11,"11/07/2016",285,53592.4121136028,0.167251535,3.18147694589153e-05,13.7741,0.0362650942691094,87.6085,0.0302801746967793,NA,NA,"W15-1"
2016-07-12,"12/07/2016",286,22995.3180596629,0.167251535,4.82151355384132e-05,13.7741,0.0549595821449042,87.6085,0.0458894642947957,NA,NA,"W15-1"
2016-07-13,"13/07/2016",287,NA,NA,NA,NA,NA,NA,NA,NA,NA,NA
2016-07-14,"14/07/2016",288,NA,NA,NA,NA,NA,NA,NA,NA,NA,NA
2016-07-15,"15/07/2016",289,NA,NA,NA,NA,NA,NA,NA,NA,NA,NA
2016-07-16,"16/07/2016",290,NA,NA,NA,NA,NA,NA,NA,NA,NA,NA
2016-07-17,"17/07/2016",291,NA,NA,NA,NA,NA,NA,NA,NA,NA,NA
2016-07-18,"18/07/2016",292,NA,NA,NA,NA,NA,NA,NA,NA,NA,NA
2016-07-19,"19/07/2016",293,NA,NA,NA,NA,NA,NA,NA,NA,NA,NA
2016-07-20,"20/07/2016",294,NA,NA,NA,NA,NA,NA,NA,NA,NA,NA
2016-07-21,"21/07/2016",295,NA,NA,NA,NA,NA,NA,NA,NA,NA,NA
2016-07-22,"22/07/2016",296,NA,NA,NA,NA,NA,NA,NA,NA,NA,NA
2016-07-23,"23/07/2016",297,NA,NA,NA,NA,NA,NA,NA,NA,NA,NA
2016-07-24,"24/07/2016",298,NA,NA,NA,NA,NA,NA,NA,NA,NA,NA
2016-07-25,"25/07/2016",299,NA,NA,NA,NA,NA,NA,NA,NA,NA,NA
2016-07-26,"26/07/2016",300,NA,NA,NA,NA,NA,NA,NA,NA,NA,NA
2016-07-27,"27/07/2016",301,NA,NA,NA,NA,NA,NA,NA,NA,NA,NA
2016-07-28,"28/07/2016",302,NA,NA,NA,NA,NA,NA,NA,NA,NA,NA
2016-07-29,"29/07/2016",303,NA,NA,NA,NA,NA,NA,NA,NA,NA,NA
2016-07-30,"30/07/2016",304,NA,NA,NA,NA,NA,NA,NA,NA,NA,NA
2016-07-31,"31/07/2016",305,NA,NA,NA,NA,NA,NA,NA,NA,NA,NA
2016-08-01,"01/08/2016",306,NA,NA,NA,NA,NA,NA,NA,NA,NA,NA
2016-08-02,"02/08/2016",307,NA,NA,NA,NA,NA,NA,NA,NA,NA,NA
2016-08-03,"03/08/2016",308,NA,NA,NA,NA,NA,NA,NA,NA,NA,NA
2016-08-04,"04/08/2016",309,NA,NA,NA,NA,NA,NA,NA,NA,NA,NA
2016-08-05,"05/08/2016",310,NA,NA,NA,NA,NA,NA,NA,NA,NA,NA
2016-08-06,"06/08/2016",311,NA,NA,NA,NA,NA,NA,NA,NA,NA,NA
2016-08-07,"07/08/2016",312,NA,NA,NA,NA,NA,NA,NA,NA,NA,NA
2016-08-08,"08/08/2016",313,NA,NA,NA,NA,NA,NA,NA,NA,NA,NA
2016-08-09,"09/08/2016",314,NA,NA,NA,NA,NA,NA,NA,NA,NA,NA
2016-08-10,"10/08/2016",315,NA,NA,NA,NA,NA,NA,NA,NA,NA,NA
2016-08-11,"11/08/2016",316,NA,NA,NA,NA,NA,NA,NA,NA,NA,NA
2016-08-12,"12/08/2016",317,780.940530003177,NA,NA,NA,NA,NA,NA,NA,NA,NA
2016-08-13,"13/08/2016",318,785.184199064245,NA,NA,NA,NA,NA,NA,NA,NA,NA
2016-08-14,"14/08/2016",319,382.970037211677,NA,NA,NA,NA,NA,NA,NA,NA,NA
2016-08-15,"15/08/2016",320,337.876348646112,NA,NA,NA,NA,NA,NA,NA,NA,NA
2016-08-16,"16/08/2016",321,211.887386606717,NA,NA,NA,NA,NA,NA,NA,NA,NA
2016-08-17,"17/08/2016",322,441.199474679443,NA,NA,NA,NA,NA,NA,NA,NA,NA
2016-08-18,"18/08/2016",323,293.538439145452,NA,NA,NA,NA,NA,NA,NA,NA,NA
2016-08-19,"19/08/2016",324,89.577943138867,NA,NA,NA,NA,NA,NA,NA,NA,NA
2016-08-20,"20/08/2016",325,4352.98506937343,NA,NA,NA,NA,NA,NA,NA,NA,NA
2016-08-21,"21/08/2016",326,141.920906722186,NA,NA,NA,NA,NA,NA,NA,NA,NA
2016-08-22,"22/08/2016",327,79.0106905710492,NA,NA,NA,NA,NA,NA,NA,NA,NA
2016-08-23,"23/08/2016",328,91.9020131836808,NA,NA,NA,NA,NA,NA,NA,NA,NA
2016-08-24,"24/08/2016",329,170.302512025655,NA,NA,NA,NA,NA,NA,NA,NA,NA
2016-08-25,"25/08/2016",330,253.423837520043,NA,NA,NA,NA,NA,NA,NA,NA,NA
2016-08-26,"26/08/2016",331,336.545163014431,NA,NA,NA,NA,NA,NA,NA,NA,NA
2016-08-27,"27/08/2016",332,419.666488508819,NA,NA,NA,NA,NA,NA,NA,NA,NA
2016-08-28,"28/08/2016",333,502.787814003207,NA,NA,NA,NA,NA,NA,NA,NA,NA
2016-08-29,"29/08/2016",334,585.909139497595,NA,NA,NA,NA,NA,NA,NA,NA,NA
2016-08-30,"30/08/2016",335,669.030464991983,NA,NA,NA,NA,NA,NA,NA,NA,NA
2016-08-31,"31/08/2016",336,752.151790486371,NA,NA,NA,NA,NA,NA,NA,NA,NA
2016-09-01,"01/09/2016",337,835.273115980759,NA,NA,NA,NA,NA,NA,NA,NA,NA
2016-09-02,"02/09/2016",338,918.394441475147,NA,NA,NA,NA,NA,NA,NA,NA,NA
2016-09-03,"03/09/2016",339,1001.51576696954,NA,NA,NA,NA,NA,NA,NA,NA,NA
2016-09-04,"04/09/2016",340,1084.63709246392,NA,NA,NA,NA,NA,NA,NA,NA,NA
2016-09-05,"05/09/2016",341,1167.75841795831,NA,NA,NA,NA,NA,NA,NA,NA,NA
2016-09-06,"06/09/2016",342,1250.8797434527,NA,NA,NA,NA,NA,NA,NA,NA,NA
2016-09-07,"07/09/2016",343,1334.00106894709,NA,NA,NA,NA,NA,NA,NA,NA,NA
2016-09-08,"08/09/2016",344,686.364564404062,0.045876,0.000845105642159397,0.3773,0.00219514861768447,3.4983,0.0109544825691228,NA,NA,"W16-1"
2016-09-09,"09/09/2016",345,NA,NA,NA,NA,NA,NA,NA,NA,NA,NA
2016-09-10,"10/09/2016",346,NA,NA,NA,NA,NA,NA,NA,NA,NA,NA
2016-09-11,"11/09/2016",347,NA,NA,NA,NA,NA,NA,NA,NA,NA,NA
2016-09-12,"12/09/2016",348,NA,NA,NA,NA,NA,NA,NA,NA,NA,NA
2016-09-13,"13/09/2016",349,NA,NA,NA,NA,NA,NA,NA,NA,NA,NA
2016-09-14,"14/09/2016",350,NA,NA,NA,NA,NA,NA,NA,NA,NA,NA
2016-09-15,"15/09/2016",351,NA,NA,NA,NA,NA,NA,NA,NA,NA,NA
2016-09-16,"16/09/2016",352,1083.64639230358,NA,NA,NA,NA,NA,NA,NA,NA,NA
2016-09-17,"17/09/2016",353,1520.2159273116,NA,NA,NA,NA,NA,NA,NA,NA,NA
2016-09-18,"18/09/2016",354,1729.10447352897,NA,NA,NA,NA,NA,NA,NA,NA,NA
2016-09-19,"19/09/2016",355,66.0265663050697,NA,NA,NA,NA,NA,NA,NA,NA,NA
2016-09-20,"20/09/2016",356,60.2882444100067,NA,NA,NA,NA,NA,NA,NA,NA,NA
2016-09-21,"21/09/2016",357,54.5499225149436,NA,NA,NA,NA,NA,NA,NA,NA,NA
2016-09-22,"22/09/2016",358,48.8116006198805,NA,NA,NA,NA,NA,NA,NA,NA,NA
2016-09-23,"23/09/2016",359,43.0732787248174,NA,NA,NA,NA,NA,NA,NA,NA,NA
2016-09-24,"24/09/2016",360,37.3349568297543,NA,NA,NA,NA,NA,NA,NA,NA,NA
2016-09-25,"25/09/2016",361,31.5966349346912,NA,NA,NA,NA,NA,NA,NA,NA,NA
2016-09-26,"26/09/2016",362,25.8583130396281,NA,NA,NA,NA,NA,NA,NA,NA,NA
2016-09-27,"27/09/2016",363,20.119991144565,NA,NA,NA,NA,NA,NA,NA,NA,NA
2016-09-28,"28/09/2016",364,14.3816692495019,NA,NA,NA,NA,NA,NA,NA,NA,NA
2016-09-29,"29/09/2016",365,8.64334735443879,NA,NA,NA,NA,NA,NA,NA,NA,NA
2016-09-30,"30/09/2016",366,2.90502545937569,0.022301625,0.00064565909550433,NA,NA,NA,NA,NA,NA,"W17-1"
