"DayMoYr","SubWeeks","Volday.L","SmpHrs","SmOut_ug.obs","SmOut_ug.sd","OxOut_ug.obs","OxOut_ug.sd","EsOut_ug.obs","EsOut_ug.sd","ConcSmOut_ugL.obs","ConcSmOut_ugL.sd","ConcOxOut_ugL.obs","ConcOxOut_ugL.sd","ConcEsOut_ugL.obs","ConcEsOut_ugL.sd","delta.obs","delta.sd"
2016-03-25,"W0-0x",14417.1363762307,12,NA,NA,NA,NA,NA,NA,NA,NA,NA,NA,NA,NA,NA,NA
2016-03-25,"W0-1",14260.7050857657,11.9333333333333,3503.27575582146,14.5675545478112,68795.0674042421,861.077512215001,257481.308535025,2638.30407895418,0.245659365,0.00102151713117971,4.8241,0.0603811317207932,18.0553,0.185005163705938,NA,NA
2016-03-26,"W0-1",28654.5789074788,24,7039.26565875363,20.6453079633357,138232.554107568,1220.3290786821,517367.018548202,3739.03526718683,0.245659365,0.000720488967225665,4.8241,0.0425875767577097,18.0553,0.130486484525199,NA,NA
2016-03-27,"W0-1",28440.0788353364,24,6986.57170723869,20.4845017600517,137197.784309546,1210.82394142532,513494.15539565,3709.91193968166,0.245659365,0.000720268810739018,4.8241,0.0425745634685404,18.0553,0.130446612372682,NA,NA
2016-03-28,"W0-1",28799.7174832897,22.6333333333333,7074.92030912435,21.3647453947858,138932.717111138,1262.85449992794,519987.539076041,3869.33130992464,0.245659365,0.000741838714465936,4.8241,0.0438495447276758,18.0553,0.134353099545845,NA,NA
2016-03-28,"W0-2x",1759.27246383102,1.36666666666667,NA,NA,NA,NA,NA,NA,NA,NA,NA,NA,NA,NA,NA,NA
2016-03-29,"W0-2x",29590.4178722679,24,NA,NA,NA,NA,NA,NA,NA,NA,NA,NA,NA,NA,NA,NA
2016-03-30,"W0-2x",16998.5830449363,12.3,NA,NA,NA,NA,NA,NA,NA,NA,NA,NA,NA,NA,NA,NA
2016-03-30,"W1-1",29097.4285813462,11.7,197520.512546981,624.588722391654,888379.411502797,21980.5939954934,1338004.51691319,6554.05967073268,6.788246322,0.0214654267694316,30.5312,0.755413624748435,45.9836,0.225245322019086,-31.4666666666667,0.115470053837927
2016-03-31,"W1-1",361269.826526011,15.6,2452388.57116478,4994.6416255598,11030001.327631,175771.969279297,16612487.1950415,52410.7754019249,6.788246322,0.0138252388072055,30.5312,0.486539302131953,45.9836,0.145073769115759,-31.4666666666667,0.115470053837927
2016-03-31,"W1-2",125317.843656116,8.4,822210.146279704,1507.06901334216,4071890.03499634,1921.78177267876,5173183.24504629,6746.39475443871,6.560998197,0.0120259730727389,32.4925,0.0153352604594148,41.2805,0.0538342709834001,-31.6666666666667,0.152752523165195
2016-04-01,"W1-2",233926.609724991,14.7666666666667,1534792.06463599,2122.16809774561,7600860.36648928,2706.142806137,9656607.4127525,9499.8859348306,6.560998197,0.00907193970040636,32.4925,0.0115683410678178,41.2805,0.0406105399723394,-31.6666666666667,0.152752523165195
2016-04-01,"W1-3x",139533.662388185,9.23333333333333,NA,NA,NA,NA,NA,NA,NA,NA,NA,NA,NA,NA,NA,NA
2016-04-02,"W1-3x",298173.578432551,24,NA,NA,NA,NA,NA,NA,NA,NA,NA,NA,NA,NA,NA,NA
2016-04-03,"W1-3x",195667.972181916,24,NA,NA,NA,NA,NA,NA,NA,NA,NA,NA,NA,NA,NA,NA
2016-04-04,"W1-3x",149424.590354145,24,NA,NA,NA,NA,NA,NA,NA,NA,NA,NA,NA,NA,NA,NA
2016-04-05,"W1-3x",94577.2007788316,15.1333333333333,NA,NA,NA,NA,NA,NA,NA,NA,NA,NA,NA,NA,NA,NA
2016-04-05,"W2-1",133027.937634459,8.86666666666667,1256356.00109456,2779.95015045894,13906913.5366252,9606.55556580612,13112271.1511658,23555.4809474937,9.444301877,0.0208974911578186,104.5413,0.0722145718909327,98.5678,0.177071684086547,-31.1333333333333,0.0577350269189613
2016-04-06,"W2-1",213128.083676351,14.8666666666667,2012845.96070597,3368.42045921598,22280686.9340345,11640.1073972907,21007566.3261938,28541.7937933567,9.444301877,0.0158046767047892,104.5413,0.0546155494691491,98.5678,0.133918502437714,-31.1333333333333,0.0577350269189613
2016-04-06,"W2-2",117740.217293907,9.13333333333333,122707.476314467,278.155865696314,3165539.93412053,4346.18540150491,6116898.63896172,1360.8547732581,1.042188295,0.00236245415618668,26.8858,0.0369133461904169,51.9525,0.0115581133153601,-31.28,0.506951674225463
2016-04-07,"W2-2",233374.119175948,24,243219.775361108,342.304384655939,6274449.8933407,5348.50601024905,12124368.9264884,1674.69614419273,1.042188295,0.00146676240649404,26.8858,0.0229181626014693,51.9525,0.00717601484734531,-31.28,0.506951674225463
2016-04-08,"W2-2",5050.80194667583,0.633333333333333,5263.88666918876,45.2374043836145,135794.850977937,706.834443493976,262401.788134676,221.320292962868,1.042188295,0.0089564795573478,26.8858,0.139944993083559,51.9525,0.0438188420966555,-31.28,0.506951674225463
2016-04-08,"W2-3x",167549.945709044,23.3666666666667,NA,NA,NA,NA,NA,NA,NA,NA,NA,NA,NA,NA,NA,NA
2016-04-09,"W2-3x",160034.103999615,24,NA,NA,NA,NA,NA,NA,NA,NA,NA,NA,NA,NA,NA,NA
2016-04-10,"W2-3x",133994.770592836,24,NA,NA,NA,NA,NA,NA,NA,NA,NA,NA,NA,NA,NA,NA
2016-04-11,"W2-3x",140936.220433905,24,NA,NA,NA,NA,NA,NA,NA,NA,NA,NA,NA,NA,NA,NA
2016-04-12,"W2-3x",146708.007301286,24,NA,NA,NA,NA,NA,NA,NA,NA,NA,NA,NA,NA,NA,NA
2016-04-13,"W2-3x",134128.652043624,24,NA,NA,NA,NA,NA,NA,NA,NA,NA,NA,NA,NA,NA,NA
2016-04-14,"W2-3x",59836.1737905593,12.8666666666667,NA,NA,NA,NA,NA,NA,NA,NA,NA,NA,NA,NA,NA,NA
2016-04-14,"W3-1",64437.5082665448,10.1333333333333,569352.798653506,1761.64512666903,2904887.97891163,9947.83635751663,1549541.64878726,1223.04250076054,8.8357358,0.0273388151413616,45.0807,0.154379593890682,24.0472,0.0189802885564947,-30.9666666666667,0.115470053837927
2016-04-15,"W3-1",137350.595657917,24,1213593.57520598,2478.0701688401,6191860.99767585,13993.4179414878,3302897.24390506,1720.42887098889,8.8357358,0.0180419324500924,45.0807,0.101881013871535,24.0472,0.0125258202394241,-30.9666666666667,0.115470053837927
2016-04-16,"W3-1",317876.720038876,18.5333333333333,2808674.71523407,7281.73463913744,14330105.0530566,41119.2376332722,7644045.06211886,5055.4284788133,8.8357358,0.0229074171843943,45.0807,0.129355926499567,24.0472,0.0159037392804199,-30.9666666666667,0.115470053837927
2016-04-16,"W3-2",138666.774983866,5.46666666666667,1488689.39038447,10269.1696524249,27823446.8004802,74016.61934215,20916912.3388913,24277.757653926,10.73573241,0.0740564540685376,200.6497,0.533773280230697,150.843,0.175079846320438,-30.8,0.173205080756888
2016-04-17,"W3-2",566413.831740923,9.03333333333333,6080867.33089332,32880.0651777313,113650765.414667,236988.125678744,85439561.6212961,77733.0866124852,10.73573241,0.0580495449354961,200.6497,0.418401021299816,150.843,0.13723726762386,-30.8,0.173205080756888
2016-04-17,"W3-2.1x",1029899.54720625,14.9666666666667,NA,NA,NA,NA,NA,NA,NA,NA,NA,NA,NA,NA,NA,NA
2016-04-18,"W3-2.1x",756207.817446605,20.5,NA,NA,NA,NA,NA,NA,NA,NA,NA,NA,NA,NA,NA,NA
2016-04-18,"W3-3",58726.5876232142,3.5,51199.9302262502,107.902620837848,690278.183582022,4254.11822154325,1061999.86526068,4719.59176143418,0.871835608,0.00183737256334633,11.7541,0.0724393906357608,18.0838,0.0803655031297707,-31.4333333333333,0.493288286231624
2016-04-19,"W3-3",287224.964313408,24,250412.951394958,203.126667951096,3376070.95303623,8008.37693007194,5194118.80965081,8884.63080086098,0.871835608,0.000707204084563669,11.7541,0.0278818972063081,18.0838,0.0309326552519524,-31.4333333333333,0.493288286231624
2016-04-20,"W3-3",194597.918810897,24,169657.394862033,136.499240864816,2287323.39749517,5381.55517707454,3519069.84419251,5970.38966825202,0.871835608,0.000701442449636166,11.7541,0.0276547416845918,18.0838,0.0306806450178627,-31.4333333333333,0.493288286231624
2016-04-21,"W3-3",62682.4508311827,9.2,54648.7926313342,70.9852822062926,736775.795314804,2798.63250911192,1133536.90434094,3104.85093394864,0.871835608,0.00113245862701622,11.7541,0.0446477837417244,18.0838,0.0495330174997572,-31.4333333333333,0.493288286231624
2016-04-21,"W4-1",101116.618686511,14.8,50681.5700969678,44.6270316796287,81176.421481531,1177.88462517169,510386.132820164,2252.00779886006,0.501218996,0.000441342207238799,0.8028,0.0116487738659799,5.0475,0.0222713914697039,NA,NA
2016-04-22,"W4-1",174209.695470694,24,87317.2086572868,60.4724369203387,139855.543523873,1596.10780762832,879323.437888326,3051.61231735789,0.501218996,0.000347124405200006,0.8028,0.00916199183584947,5.0475,0.0175168914055719,NA,NA
2016-04-23,"W4-1",46966.3573005353,6.63333333333333,23540.4304519516,30.9705031456587,37704.5916408698,817.434593252477,237062.688474452,1562.86026638157,0.501218996,0.000659418888875712,0.8028,0.0174046836977744,5.0475,0.033276165242727,NA,NA
2016-04-23,"W4-2x",107715.982645272,17.3666666666667,NA,NA,NA,NA,NA,NA,NA,NA,NA,NA,NA,NA,NA,NA
2016-04-24,"W4-2x",133954.045864961,24,NA,NA,NA,NA,NA,NA,NA,NA,NA,NA,NA,NA,NA,NA
2016-04-25,"W4-2x",157293.437424433,24,NA,NA,NA,NA,NA,NA,NA,NA,NA,NA,NA,NA,NA,NA
2016-04-26,"W4-2x",87799.2052997549,11.8333333333333,NA,NA,NA,NA,NA,NA,NA,NA,NA,NA,NA,NA,NA,NA
2016-04-26,"W5-1",87924.8537857907,12.1666666666667,315385.557125192,355.324285026105,110081.91693981,5006.77939406194,338677.744297487,2160.04004766356,3.586989839,0.00404122690828436,1.252,0.0569438466882168,3.8519,0.0245668881397973,-31.4333333333333,0.208166599946614
2016-04-27,"W5-1",145227.674660664,24,520930.193349401,417.926502798684,181825.048675152,5888.89048856059,559402.480025413,2540.60310839382,3.586989839,0.0028777332128687,1.252,0.0405493684473048,3.8519,0.0174939322985797,-31.4333333333333,0.208166599946614
2016-04-28,"W5-1",149036.94856295,24,534594.020130869,429.179363415552,186594.259600814,6047.45153556768,574075.422169628,2609.00999924684,3.586989839,0.00287968431690129,1.252,0.0405768609319947,3.8519,0.0175057931902359,-31.4333333333333,0.208166599946614
2016-04-29,"W5-1",157317.240811019,24,564295.344288642,453.176874458357,196961.185495396,6385.5940404884,605970.279879965,2754.89247078379,3.586989839,0.00288065613229732,1.252,0.0405905545226237,3.8519,0.0175117009209001,-31.4333333333333,0.208166599946614
2016-04-30,"W5-1",160596.734392738,24,576058.854443332,462.810617193949,201067.111459707,6521.34053080417,618602.561207386,2813.45663595544,3.586989839,0.00288181835666814,1.252,0.0406069311151515,3.8519,0.0175187661604324,-31.4333333333333,0.208166599946614
2016-05-01,"W5-1",228477.203600562,10.7666666666667,819545.407758349,1013.78019844633,286053.458907903,14284.9054274919,880071.340549003,6162.8374993043,3.586989839,0.00443711749999654,1.252,0.0625222350517984,3.8519,0.0269735334737314,-31.4333333333333,0.208166599946614
2016-05-01,"W5-2",264891.495075864,13.2333333333333,215365.84849429,278.5026087425,1737370.33790358,6779.26201535619,5677604.83800754,12195.5760197751,0.813034214,0.00105138373228154,6.5588,0.025592599767745,21.4337,0.0460398927352587,-30.65,0.512835256198324
2016-05-02,"W5-2",500506.259735028,24,406928.713485748,359.154089401611,3282720.4563501,8742.46631632585,10727701.0192827,15727.2889467266,0.813034214,0.000717581613448252,6.5588,0.0174672467052743,21.4337,0.0314227617353932,-30.65,0.512835256198324
2016-05-03,"W5-2",137119.015027946,12.0333333333333,111482.4506077,136.984546984615,899336.195765291,3334.45399400979,2938967.83240448,5998.52713706514,0.813034214,0.000999019333363039,6.5588,0.0243179546857903,21.4337,0.0437468657125534,-30.65,0.512835256198324
2016-05-03,"W5-3x",13330.3109155705,1.13333333333333,NA,NA,NA,NA,NA,NA,NA,NA,NA,NA,NA,NA,NA,NA
2016-05-03,"W6-1",104054.546157483,10.8333333333333,14931.2621493041,12.7252321131522,8345.17460183017,10.6536826993832,178453.546660084,1205.64175881353,0.143494568,0.000122293860124986,0.0802,0.000102385557313942,1.715,0.0115866322360277,NA,NA
2016-05-04,"W6-1",154799.854016621,24,22212.938178578,12.4221793871903,12414.948292133,10.3999641381128,265481.749638504,1176.9292749631,0.143494568,8.02467125444226e-05,0.0802,6.71832942232375e-05,1.715,0.00760290946292971,NA,NA
2016-05-05,"W6-1",137036.863076425,24,19664.0454672268,10.9913378068896,10990.3564187293,9.20205025693079,235018.22017607,1041.365354076,0.143494568,8.02071614902604e-05,0.0802,6.71501817127762e-05,1.715,0.00759916223049583,NA,NA
2016-05-06,"W6-1",163067.549673421,24,23399.3075952061,13.1419648427404,13078.0174838084,11.002575217178,279660.847689917,1245.12476207731,0.143494568,8.05921525714962e-05,0.0802,6.74724998272992e-05,1.715,0.00763563789712269,NA,NA
2016-05-07,"W6-1",136258.916425975,24,19552.4143486934,10.9304287029416,10927.9650973632,9.15105658850927,233684.041670548,1035.59457059963,0.143494568,8.02180803256258e-05,0.0802,6.71593230633146e-05,1.715,0.0076001967266651,NA,NA
2016-05-08,"W6-1",121090.516355417,24,17375.8313333175,9.71243382784338,9711.45941170444,8.13133994889213,207670.23554954,920.196637549626,0.143494568,8.02080470062253e-05,0.0802,6.71509230749793e-05,1.715,0.00759924612798516,NA,NA
2016-05-09,"W6-1",96461.3295414078,24,13841.6768112499,7.77239446043095,7736.1986292209,6.50712094361661,165431.180163514,736.389186785946,0.143494568,8.05752367024395e-05,0.0802,6.7458337704368e-05,1.715,0.00763403521687764,NA,NA
2016-05-10,"W6-1",371.173193535548,0.1,53.2613370595638,0.460749011351339,29.7680901215509,0.385743358340655,636.562026913465,43.6532900522175,0.143494568,0.0012413315923021,0.0802,0.00103925435634595,1.715,0.117608951326483,NA,NA
2016-05-10,"W6-2",87366.8998613908,23.9,3589.98087610463,8.305666489149,178350.789377043,805.388053652519,833191.913908126,1211.84252003095,0.041090858,9.50665126303679e-05,2.0414,0.00921845750427544,9.5367,0.013870728181423,NA,NA
2016-05-11,"W6-2",281592.394032375,24,11570.8730770644,46.5490307517215,574842.71317769,4513.78987171221,2685462.18416855,6791.760156137,0.041090858,0.000165306420692491,2.0414,0.0160295163057325,9.5367,0.0241191179167863,NA,NA
2016-05-12,"W6-2",122192.651763853,6.56666666666667,5021.00090227193,22.1466957743071,249444.079310729,2147.53195638261,1165314.66207634,3231.32498187331,0.041090858,0.000181244088368811,2.0414,0.0175749680965504,9.5367,0.0264445114761737,NA,NA
2016-05-12,"W6-3",671434.116136534,2.63333333333333,5990997.85934808,18396.5616694507,24525071.0996495,185626.542772612,54667292.8714856,617202.537763231,8.922689085,0.0273989081390523,36.5264,0.276462780653322,81.4187,0.919230231127733,-30.5666666666667,0.0577350269189634
2016-05-12,"W6-4",650914.751868072,3.66666666666667,14277.2403245003,14.7383968472191,435657.2434253,493.41589445038,3645448.06783714,6843.74253601306,0.021934117,2.26425915297221e-05,0.6693,0.000758034585995043,5.6005,0.0105140381538014,-30.25,0.0707106781186558
2016-05-12,"W6-5x",1628511.1768044,11.1333333333333,NA,NA,NA,NA,NA,NA,NA,NA,NA,NA,NA,NA,NA,NA
2016-05-13,"W6-5x",1039338.34811286,12.1,NA,NA,NA,NA,NA,NA,NA,NA,NA,NA,NA,NA,NA,NA
2016-05-13,"W7-1",558317.754089025,11.9,105416.771310666,136.220545308423,679919.360929614,3343.2894330018,1075208.33082464,6663.03457422189,0.188811426,0.000243983903987948,1.2178,0.00598814816207457,1.9258,0.0119341262666698,NA,NA
2016-05-14,"W7-1",830917.970770004,24,156886.806950111,128.389556354009,1011891.90480371,3151.09182755271,1600181.82810887,6279.99286758744,0.188811426,0.000154515320248798,1.2178,0.00379230193400754,1.9258,0.00755789751636714,NA,NA
2016-05-15,"W7-1",393614.786410727,24,74318.9691168947,60.4774467426366,479344.086890983,1484.31066820199,758023.355669777,2958.1684443744,0.188811426,0.000153646277605867,1.2178,0.00377097283803042,1.9258,0.00751538952931414,NA,NA
2016-05-16,"W7-1",167140.642206092,15.2,31558.0629974881,31.7469185291605,203543.874078579,779.171284394705,321879.448760492,1552.85544706832,0.188811426,0.000189941345863773,1.2178,0.00466177031576767,1.9258,0.00929071126311443,NA,NA
2016-05-16,"W7-2x",84854.0854714963,8.8,NA,NA,NA,NA,NA,NA,NA,NA,NA,NA,NA,NA,NA,NA
2016-05-17,"W7-2x",75670.0949081072,9.26666666666667,NA,NA,NA,NA,NA,NA,NA,NA,NA,NA,NA,NA,NA,NA
2016-05-17,"W8-1",85583.7077618118,14.7333333333333,21439.194639749,49.2546307574635,1631028.62741228,941.093441271636,5754520.13434258,7404.08320418646,0.25050556,0.000575514102456792,19.0577,0.0109961751586037,67.2385,0.0865127650789888,NA,NA
2016-05-18,"W8-1",122595.49221373,24,30710.852430476,55.2984186067478,2336388.1119616,1056.57028107186,8243137.00321286,8312.60099056274,0.25050556,0.000451064044918895,19.0577,0.0086183452751253,67.2385,0.0678051112684533,NA,NA
2016-05-19,"W8-1",121003.404215646,24,30312.0255349467,54.7892449323553,2306046.57652052,1046.84165255369,8136087.39435371,8236.06068983147,0.25050556,0.000452790938300486,19.0577,0.00865134050847082,67.2385,0.068064702338073,NA,NA
2016-05-20,"W8-1",124881.898611786,24,31283.6099456086,56.3162763500596,2379961.75917383,1076.01818336342,8396871.53980856,8465.60799326702,0.25050556,0.000450956279301352,19.0577,0.00861628622982732,67.2385,0.0677889116627193,NA,NA
2016-05-21,"W8-1",123659.094181303,24,30977.29063698,55.996415174873,2356657.91917902,1069.90669192685,8314652.00410953,8417.52563596478,0.25050556,0.00045282892896477,19.0577,0.00865206638468667,67.2385,0.0680704131927686,NA,NA
2016-05-22,"W8-1",145473.618413894,24,36441.9502459989,66.2279653845632,2772392.57764647,1265.3978497795,9781427.89172262,9955.55866748596,0.25050556,0.000455257565644204,19.0577,0.00869846961652697,67.2385,0.0684354921258706,NA,NA
2016-05-23,"W8-1",78685.0076205646,18.0333333333333,19711.0318975938,41.0195932607409,1499555.26973043,783.749052376439,5290661.88489533,6166.17111596944,0.25050556,0.000521313964390089,19.0577,0.00996058939405382,67.2385,0.0783652604534779,NA,NA
2016-05-23,"W8-2x",26104.9071099394,5.96666666666667,NA,NA,NA,NA,NA,NA,NA,NA,NA,NA,NA,NA,NA,NA
2016-05-24,"W8-2x",51865.9792994132,12,NA,NA,NA,NA,NA,NA,NA,NA,NA,NA,NA,NA,NA,NA
2016-05-24,"W9-1",53533.8662512431,12,9838.93467377239,16.2118679251997,580183.982271097,1034.28328122093,1948953.93474276,387.78562127699,0.18378898,0.00030283387060286,10.8377,0.0193201678422939,36.406,0.00724374397800917,-30.55,0.413521462562707
2016-05-25,"W9-1",105114.086209306,24,19318.8106880404,22.504328480997,1139194.93211059,1435.729109711,3826783.42253599,538.300400773675,0.18378898,0.000214094316875721,10.8377,0.0136587698327333,36.406,0.00512110622073807,-30.55,0.413521462562707
2016-05-26,"W9-1",93993.3581852275,24,17274.9434276376,20.1288190236544,1018671.81800404,1284.1765725544,3421922.19809139,481.478545635496,0.18378898,0.000214151504024227,10.8377,0.013662418253253,36.406,0.00512247412936,-30.55,0.413521462562707
2016-05-27,"W9-1",91940.8627217224,24,16897.7173799454,19.6748411305135,996427.48791921,1255.21373205471,3347199.04824702,470.619457703747,0.18378898,0.000213994523741456,10.8377,0.0136524032393939,36.406,0.00511871918287489,-30.55,0.413521462562707
2016-05-28,"W9-1",88462.9006159696,24,16258.5062720504,18.9307888950527,958734.378005694,1207.74475494221,3220580.35982499,452.821831932185,0.18378898,0.000213996927109976,10.8377,0.0136525565692811,36.406,0.00511877667111494,-30.55,0.413521462562707
2016-05-29,"W9-1",46112.2899935092,12.1666666666667,8474.93074337126,13.9053015648327,499751.165262655,887.129169519465,1678764.0295037,332.612875409674,0.18378898,0.000301553047285008,10.8377,0.0192384539922944,36.406,0.00721310686275812,-30.55,0.413521462562707
2016-05-29,"W9-2",235632.775906676,11.8333333333333,6300043.33676917,30454.0982057024,33688347.2815446,78664.6274871843,70781164.0359441,100089.673654574,26.73670211,0.129243896943115,142.9697,0.333844165712923,300.3876,0.424769742958913,-31.425,0.478713553878169
2016-05-30,"W9-2",55822.3995078164,5.8,1492506.8667059,6055.88844630644,7980911.71091266,15642.6962806418,16768356.6143941,19903.1307440198,26.73670211,0.108484918235349,142.9697,0.280222570483582,300.3876,0.356543805345253,-31.425,0.478713553878169
2016-05-30,"W9-3",564589.405067475,6.4,6880251.71159575,10801.7869455869,91736744.8929836,275429.344208976,23028698.4896542,50668.7944614619,12.18629264,0.0191321106075237,162.484,0.487840086506865,40.7884,0.0897445010598567,-29.6,0
2016-05-30,"W9-4",478481.118429572,5.26666666666667,6017651.32745591,7309.21354898361,77745526.0469106,247673.148740685,19516479.2509528,45562.6828840841,12.5765701,0.0152758662096704,162.484,0.517623662044546,40.7884,0.0952235754539822,-29.7333333333333,0.152752523165193
2016-05-30,"W9-5x",371690.27521585,6.53333333333333,NA,NA,NA,NA,NA,NA,NA,NA,NA,NA,NA,NA,NA,NA
2016-05-31,"W10-1",344321.112908419,12,176978.945478359,24.7812847950448,7337964.96563648,942.053252870453,28535784.3928417,33103.0588876161,0.513993882,7.19714355757093e-05,21.3114,0.0027359729553413,82.8755,0.096140078684111,-29.0666666666667,0.251661147842358
2016-05-31,"W9-5x",516282.230526885,12,NA,NA,NA,NA,NA,NA,NA,NA,NA,NA,NA,NA,NA,NA
2016-06-01,"W10-1",440421.623764541,24,226374.02011548,22.6399037864435,9386001.39269565,860.649283646418,36500162.2802983,30242.5832417882,0.513993882,5.14050686088639e-05,21.3114,0.00195414856402814,82.8755,0.0686673442218552,-29.0666666666667,0.251661147842358
2016-06-02,"W10-1",186711.376619383,12.9666666666667,95968.5052821607,12.949006809783,3979080.83168632,492.252685342484,15473798.6930197,17297.3975524505,0.513993882,6.93530680574431e-05,21.3114,0.00263643648424251,82.8755,0.0926424402499683,-29.0666666666667,0.251661147842358
2016-06-02,"W10-2",132311.862699895,11.0333333333333,448275.005783361,233.610288770171,1732623.84205512,1289.73864979165,1590904.60591726,2228.26033393382,3.388018252,0.00176560350676974,13.095,0.00974771742664519,12.0239,0.0168409716896503,-30.025,0.478713553878169
2016-06-03,"W10-2",463226.423919765,12.1,1569419.57904885,964.261653321554,6065950.02122933,5323.5905376767,5569788.19856887,9197.48014927421,3.388018252,0.00208162057155999,13.095,0.0114924155073649,12.0239,0.019855257978261,-30.025,0.478713553878169
2016-06-03,"W10-3",472138.951978357,11.9,1574063.32349024,1307.88121872927,21532274.6161346,55821.0889677407,5342205.02773992,5108.09612011455,3.333898457,0.00277011929062194,45.6058,0.118230213232437,11.3149,0.0108190525240728,-30.3666666666667,0.550757054728609
2016-06-04,"W10-3",419955.598363016,8.6,1400089.32139097,1283.81405315316,19152411.027824,54793.8891184067,4751755.59991769,5014.09874990922,3.333898457,0.00305702330950572,45.6058,0.130475434383999,11.3149,0.0119395925889645,-30.3666666666667,0.550757054728609
2016-06-04,"W10-4",542491.735771046,2.4,2809957.787985,9687.12044622234,15326802.0140451,7320.91985191778,5473524.61723555,36547.9577133458,5.179724598,0.0178567152409317,28.2526,0.0134949887144594,10.0896,0.0673705336015857,-30.7,0.360555127546399
2016-06-04,"W10-5",614756.926547748,4.53333333333333,3396845.01159983,3571.50604261695,22178216.7849072,10268.8664848589,6236401.64136363,2379.85986501466,5.525509132,0.00580962310204984,36.0764,0.0167039459685719,10.1445,0.003871220904137,-29.42,0.303315017762062
2016-06-04,"W10-6x",1263529.93738375,8.46666666666667,NA,NA,NA,NA,NA,NA,NA,NA,NA,NA,NA,NA,NA,NA
2016-06-05,"W10-6x",1214483.66819368,24,NA,NA,NA,NA,NA,NA,NA,NA,NA,NA,NA,NA,NA,NA
2016-06-06,"W10-6x",677930.085318061,24,NA,NA,NA,NA,NA,NA,NA,NA,NA,NA,NA,NA,NA,NA
2016-06-07,"W10-6x",238976.344477278,12,NA,NA,NA,NA,NA,NA,NA,NA,NA,NA,NA,NA,NA,NA
2016-06-07,"W11-1",204278.961010605,12,152487.889888776,16.1650878114813,9851720.59686623,6316.23864420614,23925111.0577698,40764.0407704729,0.746468893,7.91324164344177e-05,48.2268,0.0309196728481415,117.1198,0.199550852269886,-28.6,0.458257569495585
2016-06-08,"W11-1",390752.383277314,24,291684.498982128,22.7724577371645,18844737.0378384,8897.95831983473,45764840.9789624,57426.0657577322,0.746468893,5.82784871231432e-05,48.2268,0.0227713475352495,117.1198,0.146962803594668,-28.6,0.458257569495585
2016-06-09,"W11-1",281423.299318259,24,210073.738706509,15.8271592328503,13572145.1715618,6184.19868424903,32960240.5314947,39911.875009453,0.746468893,5.62396904278756e-05,48.2268,0.0219747217065186,117.1198,0.141821502008321,-28.6,0.458257569495585
2016-06-10,"W11-1",56060.5105565239,5.43333333333333,41847.4272561432,6.58855768407653,2703619.03050737,2574.36910575817,6565795.78427797,16614.5855305252,0.746468893,0.000117525823769184,48.2268,0.0459212568740793,117.1198,0.296368787326211,-28.6,0.458257569495585
2016-06-10,"W11-2",171051.651230262,18.5666666666667,762864.373530668,10.8868393389459,1498070.36147464,1286.8244098634,5300103.83403017,1265.05073118551,4.459848052,6.36465024490788e-05,8.758,0.00752301658948112,30.9854,0.00739572358458296,-29.78,0.396232255123179
2016-06-11,"W11-2",223603.976807894,24,997239.760386139,12.5961294205307,1958323.62888353,1488.86249750673,6928458.66298332,1463.67023866566,4.459848052,5.63323139433806e-05,8.758,0.00665847950810759,30.9854,0.00654581488022083,-29.78,0.396232255123179
2016-06-12,"W11-2",220667.998898577,24,984145.745026559,12.4490478101514,1932610.33435374,1471.4774511599,6837486.21307198,1446.57935553959,4.459848052,5.64152839210419e-05,8.758,0.00666828655946715,30.9854,0.00655545599162507,-29.78,0.396232255123179
2016-06-13,"W11-2",196886.061512686,24,878081.917903307,11.2396394755159,1724328.12672811,1328.52538600598,6100593.37039519,1306.04610705495,4.459848052,5.70870247957686e-05,8.758,0.00674768633085984,30.9854,0.00663351228126831,-29.78,0.396232255123179
2016-06-14,"W11-2",85027.3873980249,12.5666666666667,379209.228053731,6.57129448676855,744669.858831902,776.727008336042,2634607.60948276,763.584419362505,4.459848052,7.72844454929259e-05,8.758,0.00913502145726384,30.9854,0.00898045256627799,-29.78,0.396232255123179
2016-06-14,"W11-3",107467.514792683,0.533333333333333,335632.467550866,4814.21493394091,993096.557447705,18081.1432995155,11325571.5139417,65217.8749622444,3.123106254,0.0447969318284513,9.2409,0.168247524234612,105.386,0.606861292810734,-29.9333333333333,0.450924975282289
2016-06-14,"W12-1",814407.548156394,10.9,15448.5660056202,8565.62109683981,8808469.15934992,710212.35494369,3281899.53756064,126205.9777799,0.018969085,0.0105176101525952,10.8158,0.872060133223746,4.0298,0.154966611085074,NA,NA
2016-06-15,"W12-1",265098.316606274,8.23333333333333,5028.67250106132,2481.9732894234,2867250.37275014,205791.042454477,1068293.19625996,36569.4282147084,0.018969085,0.00936246341054531,10.8158,0.776281966211499,4.0298,0.137946663271429,NA,NA
2016-06-15,"W12-2",421245.322800152,15.7666666666667,4628.29607953676,2852.56001118446,233749.029621804,1492.25758408221,737389.937561666,2398.47902981224,0.010987175,0.00677173100041226,0.5549,0.00354249057096397,1.7505,0.00569378198402011,NA,NA
2016-06-16,"W12-2",181370.467641637,8.36666666666667,1992.74906781051,1685.19503534367,100642.472494344,881.574817809038,317489.003606686,1416.93949910529,0.010987175,0.00929145222624328,0.5549,0.00486063045032727,1.7505,0.00781240472900455,NA,NA
2016-06-16,"W12-3",1024316.4098868,15.6333333333333,25189.8303828926,17356.4432435221,2666910.20478126,9847.12494224313,2731237.27532216,1487.69513515903,0.024591845,0.0169444158816515,2.6036,0.0096133624797941,2.6664,0.00145237850414155,NA,NA
2016-06-17,"W12-3",96950.4960882826,0.833333333333333,2384.19157247615,3698.58664304628,252420.311615453,2098.3818097283,258508.802769797,317.02171226111,0.024591845,0.0381492286504483,2.6036,0.0216438480914788,2.6664,0.00326993388432414,NA,NA
2016-06-17,"W12-4",979077.166554332,10.2666666666667,27399.6057023633,9885.92109477085,2041963.33856571,1197.0707175981,4064051.41065038,1102.91908812409,0.027985134,0.0100971827680982,2.0856,0.00122265206307584,4.1509,0.00112648841766538,NA,NA
2016-06-17,"W12-5x",580937.29345596,12.9,NA,NA,NA,NA,NA,NA,NA,NA,NA,NA,NA,NA,NA,NA
2016-06-18,"W12-5x",853504.878711855,24,NA,NA,NA,NA,NA,NA,NA,NA,NA,NA,NA,NA,NA,NA
2016-06-19,"W12-5x",604968.988938638,24,NA,NA,NA,NA,NA,NA,NA,NA,NA,NA,NA,NA,NA,NA
2016-06-20,"W12-5x",381315.662919705,24,NA,NA,NA,NA,NA,NA,NA,NA,NA,NA,NA,NA,NA,NA
2016-06-21,"W12-5x",153260.309212815,12,NA,NA,NA,NA,NA,NA,NA,NA,NA,NA,NA,NA,NA,NA
2016-06-21,"W13-1",124944.926379978,12,849597.823957713,968.709355164781,4200985.77619609,3114.36762755698,12157316.2596688,173078.048413975,6.799778499,0.00775309076751765,33.6227,0.0249259231069989,97.3014,1.38523470643071,-30.6,0.200000000000001
2016-06-22,"W13-1",210636.122327402,24,1432278.9757146,1155.47937998994,7082155.15017754,3714.82690464793,20495189.5930275,206448.007346053,6.799778499,0.00548566583557744,33.6227,0.0176362290741081,97.3014,0.980116824526234,-30.6,0.200000000000001
2016-06-23,"W13-1",177053.994809446,24,1203927.94706733,971.233782334979,5953033.35127955,3122.48357504429,17227601.5705518,173529.084553609,6.799778499,0.00548552312180399,33.6227,0.0176357702541807,97.3014,0.980091326040794,-30.6,0.200000000000001
2016-06-24,"W13-1",96966.8042673404,14.8666666666667,659352.790773803,675.509749281345,3260285.76983951,2171.74086741744,9435005.80873819,120692.453796259,6.799778499,0.00696640210415664,33.6227,0.0223967458124111,97.3014,1.24467805975647,-30.6,0.200000000000001
2016-06-24,"W13-2",57872.3181211504,9.13333333333333,972932.526846522,514.277224768208,3458542.32662894,2623.16369477008,2443843.82408356,4446.57382775777,16.81170823,0.00888641135286159,59.7616,0.0453267430773852,42.2282,0.0768342097244019,-29,0.270801280154531
2016-06-25,"W13-2",534845.493676438,7.83333333333333,8991666.38781858,8005.5048110512,31963222.4548938,40833.5204580013,22585562.4760674,69217.6640465719,16.81170823,0.0149678830722172,59.7616,0.0763463859016901,42.2282,0.129416186291075,-29,0.270801280154531
2016-06-25,"W13-3",387057.861130454,16.1666666666667,394360.573529115,2651.61670106545,43320018.9929399,57065.6775203447,64238057.9225158,193425.517327857,1.018867237,0.00685069848037979,111.9213,0.147434487840337,165.965,0.499732822278643,NA,NA
2016-06-26,"W13-3",321958.542069217,24,328033.010186611,1775.70355582894,36034018.5744914,38215.073260003,53433849.4345176,129530.930608907,1.018867237,0.00551531742073546,111.9213,0.118695633960808,165.965,0.402321770301282,NA,NA
2016-06-27,"W13-3",224046.864296892,24,228274.009584689,1232.86567549422,25075616.3130318,26532.6112312484,37183937.8330338,89932.9382645721,1.018867237,0.00550271336920167,111.9213,0.118424381053105,165.965,0.401402351899908,NA,NA
2016-06-28,"W13-3",74517.1080924838,8.93333333333333,75923.0400314193,669.224149223658,8340051.60995131,14402.4320985304,12367231.8445691,48817.3977859878,1.018867237,0.00898081214307295,111.9213,0.193276852352555,165.965,0.655116644159086,NA,NA
2016-06-28,"W14-1",131644.058129852,15.0666666666667,19603.7335801726,917.084315596135,31647.2315744164,122.901775627509,2268358.76563548,9138.40207813074,0.148914686,0.00696639353590525,0.2404,0.000933591514675738,17.231,0.0694175051115239,NA,NA
2016-06-29,"W14-1",174127.950103953,24,25930.2090135539,954.474727741973,41860.3592049904,127.912599568142,3000398.70824122,9510.98354555403,0.148914686,0.00548145617732338,0.2404,0.000734589705396398,17.231,0.0546206599220632,NA,NA
2016-06-30,"W14-1",169211.383216397,24,25198.0599992955,934.76840029195,40678.4165252219,125.27168357654,2915681.34420174,9314.61736563026,0.148914686,0.00552426428130142,0.2404,0.000740326573752639,17.231,0.0550472266615668,NA,NA
2016-07-01,"W14-1",157011.236347875,24,23381.2789592156,862.147495640542,37745.5012180292,115.539494313733,2705460.61351024,8590.97722186576,0.148914686,0.0054909923372004,0.2404,0.000735867680563591,17.231,0.0547156841872867,NA,NA
2016-07-02,"W14-1",140281.07701215,24,20889.9125350061,771.573077467653,33723.5709137208,103.401289973556,2417183.23799635,7688.43703316067,0.148914686,0.00550019356780977,0.2404,0.000737100770652058,17.231,0.0548073710076718,NA,NA
2016-07-03,"W14-1",106463.488834163,24,15853.9770102038,587.881436284577,25593.8227157327,78.7841108490216,1834472.37610146,5858.01855693639,0.148914686,0.00552190654958073,0.2404,0.000740010605624084,17.231,0.0550237327471146,NA,NA
2016-07-04,"W14-1",62416.7262763588,14.7,9294.76719459192,437.379123338741,15004.9809968367,58.6147532637633,1075502.61046794,4358.31931882033,0.148914686,0.00700740249339871,0.2404,0.000939087272924861,17.231,0.0698261440294587,NA,NA
2016-07-04,"W15-1",39624.2436580806,9.3,6627.215575028,2.01770909368249,545788.294570768,2299.95098925761,3471420.55051896,1920.38430210487,0.167251535,5.09210752662788e-05,13.7741,0.0580440350888206,87.6085,0.048464882224023,NA,NA
2016-07-05,"W15-1",87667.0195453348,24,14662.4435878322,2.78169639589576,1207534.2939194,3170.80663292164,7680376.08183746,2647.52045209373,0.167251535,3.17302494178814e-05,13.7741,0.0361687513658651,87.6085,0.0301997315047836,NA,NA
2016-07-06,"W15-1",69385.2379189187,24,11604.7875482794,2.19959793027071,955719.205618978,2507.28286428152,6078736.61621959,2093.49967716354,0.167251535,3.17012378460255e-05,13.7741,0.0361356815870755,87.6085,0.030172119314629,NA,NA
2016-07-07,"W15-1",64482.6387434623,24,10784.8203106945,2.04474148574768,888190.314316324,2330.7647359305,5649227.25635661,1946.11277878808,0.167251535,3.1709953649423e-05,13.7741,0.0361456165775599,87.6085,0.0301804147086861,NA,NA
2016-07-08,"W15-1",58463.5239056155,24,9778.11411472338,1.85489857947875,805282.424628338,2114.36615724348,5121901.63408511,1765.42700093919,0.167251535,3.17274508199904e-05,13.7741,0.0361655612935161,87.6085,0.030197067898085,NA,NA
2016-07-09,"W15-1",56186.2563447766,24,9397.23761956738,1.78220619596725,773915.113518588,2031.50539208549,4922393.63898136,1696.24095592648,0.167251535,3.17196110207284e-05,13.7741,0.0361566248446868,87.6085,0.0301896062538462,NA,NA
2016-07-10,"W15-1",54981.3718005937,24,9195.71883005501,1.74439889730013,757318.913318558,1988.40951952246,4816835.51139231,1660.25730343036,0.167251535,3.17270893790484e-05,13.7741,0.0361651492933647,87.6085,0.0301967238913531,NA,NA
2016-07-11,"W15-1",53592.4121136028,24,8963.41319035266,1.70503023614145,738187.243693976,1943.53387740876,4695150.83665457,1622.78760122169,0.167251535,3.18147694589153e-05,13.7741,0.0362650942691094,87.6085,0.0302801746967793,NA,NA
2016-07-12,"W15-1",22995.3180596629,10.3666666666667,3846.00224329185,1.10872237699557,316739.810485603,1263.81307184825,2014585.32222998,1055.24282704637,0.167251535,4.82151355384132e-05,13.7741,0.0549595821449042,87.6085,0.0458894642947957,NA,NA
2016-08-12,NA,780.940530003177,16.4,130.613502386745,0.104945088030955,10756.7529543168,119.625053874344,68417.0284227833,99.8830308435798,0.167251535,0.00013438294466613,13.7741,0.153180747161192,87.6085,0.127900943805764,NA,NA
2016-08-13,NA,785.184199064245,24,131.323262551241,0.0331957436747471,10815.2056763308,37.8392424076029,68788.8099037199,31.5945372151417,0.167251535,4.22776511732007e-05,13.7741,0.0481915484961343,87.6085,0.040238376234258,NA,NA
2016-08-14,NA,382.970037211677,24,64.0523265826602,0.0164003636381555,5275.06758955737,18.6944850929516,33551.4305050592,15.6092872744327,0.167251535,4.28241429997058e-05,13.7741,0.0488144848851941,87.6085,0.0407585078667788,NA,NA
2016-08-15,NA,337.876348646112,24,56.5103379512574,0.0124474694777765,4653.94261388641,14.1886507964913,29600.8400903629,11.8470621264955,0.167251535,3.684031015386e-05,13.7741,0.0419936194212647,87.6085,0.0350633069582032,NA,NA
2016-08-16,NA,211.887386606717,24,35.4384906571119,0.00890632671802023,2918.55805185958,10.1521646553998,18563.1361095346,8.47672742926866,0.167251535,4.20333029759398e-05,13.7741,0.0479130202981036,87.6085,0.0400058142441592,NA,NA
2016-08-17,NA,441.199474679443,24,73.7912893813305,0.0188659514193618,6077.12568418212,21.5049650943761,38652.824177454,17.9559467038397,0.167251535,4.27605935684059e-05,13.7741,0.0487420460099158,87.6085,0.0406980237609887,NA,NA
2016-08-18,NA,293.538439145452,24,49.0947545285809,0.0152844931680766,4043.22781463337,17.4225240359405,25716.4623458743,14.5472411446753,0.167251535,5.20698182240554e-05,13.7741,0.0593534669144556,87.6085,0.0495582152273657,NA,NA
2016-08-19,NA,89.577943138867,24,14.9820484921182,0.00314245884926295,1233.85554658907,3.58203338711868,7847.78923148143,2.99088142241615,0.167251535,3.50807212037834e-05,13.7741,0.039987895028642,87.6085,0.0333885922986597,NA,NA
2016-08-20,NA,4352.98506937343,24,728.043434684788,0.345761367985117,59958.4516440566,394.127281695036,381358.492450202,329.083466705835,0.167251535,7.94308646767047e-05,13.7741,0.0905418409238344,87.6085,0.0755994935570049,NA,NA
2016-08-21,NA,141.920906722186,24,23.7364894978774,0.00526050714657429,1954.83276128206,5.99635926390097,12433.4777565706,5.00676503715129,0.167251535,3.70664708116041e-05,13.7741,0.0422514159639567,87.6085,0.0352785586901032,NA,NA
2016-08-22,NA,79.0106905710492,24,13.214659279418,0.00255898677667869,1088.30115299469,2.91694386814586,6922.00808489376,2.43555329686242,0.167251535,3.23878548356385e-05,13.7741,0.0369183441767649,87.6085,0.0308256171318018,NA,NA
2016-08-23,NA,91.9020131836808,24,15.3707527745608,0.0029713656872777,1265.86751979334,3.38700731106278,8051.3975220025,2.82804098942077,0.167251535,3.23318889798306e-05,13.7741,0.0368545496853622,87.6085,0.0307723508055094,NA,NA
2016-08-24,NA,170.302512025655,24,28.4833565506467,0.00544806490716527,2345.76383089257,6.2101530453558,14919.9476247996,5.18527589399612,0.167251535,3.19905140703066e-05,13.7741,0.0364654224502589,87.6085,0.0304474422151506,NA,NA
2016-08-25,NA,253.423837520043,24,42.3855258308178,0.00806377090054862,3490.68528038482,9.19175014769596,22202.0822693747,7.67481253946334,0.167251535,3.1819307052798e-05,13.7741,0.0362702665923011,87.6085,0.0302844934184865,NA,NA
2016-08-26,NA,336.545163014431,24,56.2876951109888,0.010688015755303,4635.60672987707,12.1830805474271,29484.2169139498,10.1724761718119,0.167251535,3.17580429906363e-05,13.7741,0.0362004327689735,87.6085,0.030226184446382,NA,NA
2016-08-27,NA,419.666488508819,24,70.1898643911599,0.013315751956983,5780.52817936932,15.1783906719068,36766.3515585249,12.6734627449403,0.167251535,3.17293668224432e-05,13.7741,0.0361677453109003,87.6085,0.030198891481596,NA,NA
2016-08-28,NA,502.787814003207,24,84.0920336713309,0.0159452535043946,6925.44962886158,18.1757130828328,44048.4862031,15.1761295118297,0.167251535,3.17136833079508e-05,13.7741,0.0361498679494983,87.6085,0.0301839644660379,NA,NA
2016-08-29,NA,585.909139497595,24,97.9942029515019,0.0185757707297474,8070.37107835383,21.1741932471203,51330.6208476751,17.6797629651361,0.167251535,3.1704183255574e-05,13.7741,0.0361390390074419,87.6085,0.0301749226514816,NA,NA
2016-08-30,NA,669.030464991983,24,111.896372231673,0.0212069256808736,9215.29252784608,24.1734003437628,58612.7554922502,20.1840033833255,0.167251535,3.16979970129278e-05,13.7741,0.0361319874186185,87.6085,0.0301690348040689,NA,NA
2016-08-31,NA,752.151790486371,24,125.798541511844,0.0238385071933892,10360.2139773383,27.1730936702057,65894.8901368253,22.6886497875904,0.167251535,3.16937451920101e-05,13.7741,0.0361271408429866,87.6085,0.0301649880709837,NA,NA
2016-09-01,NA,835.273115980759,24,139.700710792015,0.0264703880464504,11505.1354268306,30.1731282096539,73177.0247814004,25.1935810936216,0.167251535,3.16906979765169e-05,13.7741,0.0361236673758203,87.6085,0.0301620878388261,NA,NA
2016-09-02,NA,918.394441475147,24,153.602880072186,0.0291024870276628,12650.0568763228,33.1734113895323,80459.1594259755,27.6987200063285,0.167251535,3.16884398613277e-05,13.7741,0.0361210933901651,87.6085,0.0301599386444871,NA,NA
2016-09-03,NA,1001.51576696954,24,167.505049352357,0.031734749862038,13794.9783258151,36.1738813427395,87741.2940705506,30.2040148686926,0.167251535,3.16867201782189e-05,13.7741,0.0361191331537368,87.6085,0.030158301910799,NA,NA
2016-09-04,NA,1084.63709246392,24,181.407218632528,0.0343671388998587,14939.8997753073,39.1744951530271,95023.4287151257,32.7094298470419,0.167251535,3.16853804269115e-05,13.7741,0.0361176059948642,87.6085,0.0301570267827899,NA,NA
2016-09-05,NA,1167.75841795831,24,195.309387912699,0.0369996272043849,16084.8212247996,42.1752221156806,102305.563359701,35.2149393039381,0.167251535,3.16843164094457e-05,13.7741,0.0361163931401317,87.6085,0.0301560140885195,NA,NA
2016-09-06,NA,1250.8797434527,24,209.21155719287,0.0396321949948518,17229.7426742918,45.1760396829552,109587.698004276,37.7205244127472,0.167251535,3.16834573445552e-05,13.7741,0.036115413907223,87.6085,0.0301551964608767,NA,NA
2016-09-07,NA,1334.00106894709,24,223.113726473041,0.0422648274183354,18374.6641237841,48.176930924265,116869.832648851,40.2261710369805,0.167251535,3.16827537864678e-05,13.7741,0.0361146119337749,87.6085,0.0301545268391205,NA,NA
2016-09-08,"W16-1",686.364564404062,11.8,31.4876607566008,0.58005056595615,258.965350149653,1.50667222477918,2401.10915565473,7.51876865682783,0.045876,0.000845105642159397,0.3773,0.00219514861768447,3.4983,0.0109544825691228,NA,NA
2016-09-16,NA,1083.64639230358,17.9666666666667,49.7133618933191,0.742204814340178,408.859783816141,1.92786533536159,3790.92017419562,9.62065485757929,0.045876,0.000684914211509921,0.3773,0.00177905389530564,3.4983,0.00887803893032671,NA,NA
2016-09-17,NA,1520.2159273116,24,69.7414258813469,0.900928335584406,573.577469374666,2.34014718614063,5318.17137851417,11.6780710669149,0.045876,0.000592631822492242,0.3773,0.00153935184081318,3.4983,0.00768185022739944,NA,NA
2016-09-18,NA,1729.10447352897,24,79.3243968276149,2.32912916689149,652.391117862479,6.04987638947287,6048.92617974638,30.1907875029142,0.045876,0.00134701471342441,0.3773,0.00349884953864329,3.4983,0.0174603605306146,NA,NA
2016-09-19,NA,66.0265663050697,24,3.02903475581138,0.0391368822370913,24.9118234669028,0.101657436251061,230.980736905026,0.507302605601542,0.045876,0.000592744472827238,0.3773,0.0015396444482871,3.4983,0.00768331043079835,NA,NA
2016-09-20,NA,60.2882444100067,24,2.76578350055347,0.0357377649891047,22.7467546158955,0.0928282826446556,210.906365419526,0.463242349953112,0.045876,0.000592781649869588,0.3773,0.00153974101507006,3.4983,0.00768379232944164,NA,NA
2016-09-21,NA,54.5499225149436,24,2.50253224529555,0.0323388940298496,20.5816857648882,0.0839997687693578,190.831993934027,0.419185286764277,0.045876,0.000592831163435486,0.3773,0.00153986962577897,3.4983,0.00768443413736187,NA,NA
2016-09-22,NA,48.8116006198805,24,2.23928099003764,0.0289403561348517,18.4166169138809,0.0751721200232311,170.757622448528,0.375132540842323,0.045876,0.000592899142157296,0.3773,0.00154004619944002,3.4983,0.00768531529551061,NA,NA
2016-09-23,NA,43.0732787248174,24,1.97602973477972,0.0255422842524135,16.2515480628736,0.066345681737401,150.683250963029,0.331085835498265,0.045876,0.000592996052508463,0.3773,0.00154029792255343,3.4983,0.00768657147308139,NA,NA
2016-09-24,NA,37.3349568297543,24,1.71277847952181,0.0221448929085459,14.0864792118663,0.057521011139808,130.608879477529,0.287047951474925,0.045876,0.000593140980704106,0.3773,0.00154067437126287,3.4983,0.00768845007063625,NA,NA
2016-09-25,NA,31.5966349346912,24,1.44952722426389,0.0187485520644045,11.921410360859,0.0486990691987361,110.53450799203,0.243023684306526,0.045876,0.000593371797444787,0.3773,0.00154127391411759,3.4983,0.00769144197819941,NA,NA
2016-09-26,NA,25.8583130396281,24,1.18627596900598,0.0153539588567001,9.75634150985168,0.0398816667158311,90.4601365065309,0.199022070463264,0.045876,0.000593772642212585,0.3773,0.00154231510209936,3.4983,0.00769663783396313,NA,NA
2016-09-27,NA,20.119991144565,24,0.923024713748063,0.0119626011433815,7.59127265884437,0.0310726683787205,70.3857650210317,0.155062395952889,0.045876,0.000594562942768142,0.3773,0.00154436789536631,3.4983,0.0077068819185229,NA,NA
2016-09-28,NA,14.3816692495019,24,0.659773458490148,0.0085783171507507,5.42620380783706,0.0222820439198745,50.3113935355324,0.111194412878599,0.045876,0.000596475763830253,0.3773,0.00154933641799934,3.4983,0.00773167641040347,NA,NA
2016-09-29,NA,8.64334735443879,24,0.396522203232234,0.00521489689667328,3.26113495682976,0.0135456126938746,30.2370220500332,0.067596871094614,0.045876,0.000603342279654556,0.3773,0.00156717208488888,3.4983,0.00782068200231472,NA,NA
2016-09-30,"W17-1",2.90502545937569,24,0.0647867884104494,0.00187565611051756,1.09606610582245,0.00514714932653656,10.162650564534,0.0256858953074863,0.022301625,0.00064565909550433,0.3773,0.0017718086806863,3.4983,0.00884188302880017,NA,NA
