"DayMoYr","Jdays","WeekSubWeek","ti","tf","Events","Q.Ave","T.Hrs","Vol","Q.Max","Cluster","EventLabel","Volday.L","SmpHrs","ConcSmOut_ugL.obs","ConcSmOut_ugL.sd","SmOut_ug.obs","SmOut_ug.sd","delta.obs","delta.sd"
2016-03-25,177,"W0-0x",2016-03-25 00:04:00,"2016-03-25 12:02:00","0-1",1.20477462754017,11.9666666666667,14.4171363762307,1.2486,1,NA,14417.1363762307,12,NA,NA,NA,NA,NA,NA
2016-03-25,177,"W0-1",2016-03-25 12:04:00,"2016-03-28 22:36:00","0-2",1.21351066613737,82.5333333333333,100.155080311871,1.38038798407296,1,NA,14260.7050857657,11.9333333333333,0.245659365,0.00102151713117971,3503.27575582146,14.5675545478112,NA,NA
2016-03-26,178,"W0-1",2016-03-25 12:04:00,"2016-03-28 22:36:00","0-2",1.21351066613737,82.5333333333333,100.155080311871,1.38038798407296,1,NA,28654.5789074788,24,0.245659365,0.000720488967225665,7039.26565875363,20.6453079633357,NA,NA
2016-03-27,179,"W0-1",2016-03-25 12:04:00,"2016-03-28 22:36:00","0-2",1.21351066613737,82.5333333333333,100.155080311871,1.38038798407296,1,NA,28440.0788353364,24,0.245659365,0.000720268810739018,6986.57170723869,20.4845017600517,NA,NA
2016-03-28,180,"W0-1",2016-03-25 12:04:00,"2016-03-28 22:36:00","0-2",1.21351066613737,82.5333333333333,100.155080311871,1.38038798407296,1,NA,28799.7174832897,22.6333333333333,0.245659365,0.000741838714465936,7074.92030912435,21.3647453947858,NA,NA
2016-03-28,180,"W0-2x",2016-03-28 22:38:00,"2016-03-30 12:16:00","0-3",1.28471939896462,37.6333333333333,48.3482733810351,1.63778159364155,1,NA,1759.27246383102,1.36666666666667,NA,NA,NA,NA,NA,NA
2016-03-29,181,"W0-2x",2016-03-28 22:38:00,"2016-03-30 12:16:00","0-3",1.28471939896462,37.6333333333333,48.3482733810351,1.63778159364155,1,NA,29590.4178722679,24,NA,NA,NA,NA,NA,NA
2016-03-30,182,"W0-2x",2016-03-28 22:38:00,"2016-03-30 12:16:00","0-3",1.28471939896462,37.6333333333333,48.3482733810351,1.63778159364155,1,NA,16998.5830449363,12.3,NA,NA,NA,NA,NA,NA
2016-03-30,182,"W1-1",2016-03-30 12:18:00,"2016-03-31 15:34:00","1-1",14.3166474978249,27.2666666666667,390.367255107358,38.3997898080141,1,NA,29097.4285813462,11.7,6.788246322,0.0214654267694316,197520.512546981,624.588722391654,-31.4666666666667,0.115470053837927
2016-03-31,183,"W1-1",2016-03-30 12:18:00,"2016-03-31 15:34:00","1-1",14.3166474978249,27.2666666666667,390.367255107358,38.3997898080141,1,NA,361269.826526011,15.6,6.788246322,0.0138252388072055,2452388.57116478,4994.6416255598,-31.4666666666667,0.115470053837927
2016-03-31,183,"W1-2",2016-03-31 15:36:00,"2016-04-01 14:44:00","1-2",15.5292991375118,23.1333333333333,359.244453381107,18.6689719182762,1,NA,125317.843656116,8.4,6.560998197,0.0120259730727389,822210.146279704,1507.06901334216,-31.6666666666667,0.152752523165195
2016-04-01,184,"W1-2",2016-03-31 15:36:00,"2016-04-01 14:44:00","1-2",15.5292991375118,23.1333333333333,359.244453381107,18.6689719182762,1,NA,233926.609724991,14.7666666666667,6.560998197,0.00907193970040636,1534792.06463599,2122.16809774561,-31.6666666666667,0.152752523165195
2016-04-01,184,"W1-3x",2016-04-01 14:46:00,"2016-04-05 15:06:00","1-3",9.1077197661138,96.3333333333333,877.377004135629,15.8956400764712,1,NA,139533.662388185,9.23333333333333,NA,NA,NA,NA,NA,NA
2016-04-02,185,"W1-3x",2016-04-01 14:46:00,"2016-04-05 15:06:00","1-3",9.1077197661138,96.3333333333333,877.377004135629,15.8956400764712,1,NA,298173.578432551,24,NA,NA,NA,NA,NA,NA
2016-04-03,186,"W1-3x",2016-04-01 14:46:00,"2016-04-05 15:06:00","1-3",9.1077197661138,96.3333333333333,877.377004135629,15.8956400764712,1,NA,195667.972181916,24,NA,NA,NA,NA,NA,NA
2016-04-04,187,"W1-3x",2016-04-01 14:46:00,"2016-04-05 15:06:00","1-3",9.1077197661138,96.3333333333333,877.377004135629,15.8956400764712,1,NA,149424.590354145,24,NA,NA,NA,NA,NA,NA
2016-04-05,188,"W1-3x",2016-04-01 14:46:00,"2016-04-05 15:06:00","1-3",9.1077197661138,96.3333333333333,877.377004135629,15.8956400764712,1,NA,94577.2007788316,15.1333333333333,NA,NA,NA,NA,NA,NA
2016-04-05,188,"W2-1",2016-04-05 15:08:00,"2016-04-06 14:50:00","2-1",14.6057392958147,23.7,346.156021310809,19.1639337349349,1,NA,133027.937634459,8.86666666666667,9.444301877,0.0208974911578186,1256356.00109456,2779.95015045894,-31.1333333333333,0.0577350269189613
2016-04-06,189,"W2-2",2016-04-06 14:52:00,"2016-04-08 00:36:00","2-2",10.5582550913991,33.7333333333333,356.165138416531,14.316238838125,1,NA,117740.217293907,9.13333333333333,1.042188295,0.00236245415618668,122707.476314467,278.155865696314,-31.28,0.506951674225463
2016-04-06,189,"W2-1",2016-04-05 15:08:00,"2016-04-06 14:50:00","2-1",14.6057392958147,23.7,346.156021310809,19.1639337349349,1,NA,213128.083676351,14.8666666666667,9.444301877,0.0158046767047892,2012845.96070597,3368.42045921598,-31.1333333333333,0.0577350269189613
2016-04-07,190,"W2-2",2016-04-06 14:52:00,"2016-04-08 00:36:00","2-2",10.5582550913991,33.7333333333333,356.165138416531,14.316238838125,1,NA,233374.119175948,24,1.042188295,0.00146676240649404,243219.775361108,342.304384655939,-31.28,0.506951674225463
2016-04-08,191,"W2-2",2016-04-06 14:52:00,"2016-04-08 00:36:00","2-2",10.5582550913991,33.7333333333333,356.165138416531,14.316238838125,1,NA,5050.80194667583,0.633333333333333,1.042188295,0.0089564795573478,5263.88666918876,45.2374043836145,-31.28,0.506951674225463
2016-04-08,191,"W2-3x",2016-04-08 00:38:00,"2016-04-14 13:50:00","2-3",14.6057392958147,157.2,346.156021310809,8.06581310501155,1,NA,167549.945709044,23.3666666666667,NA,NA,NA,NA,NA,NA
2016-04-09,192,"W2-3x",2016-04-08 00:38:00,"2016-04-14 13:50:00","2-3",14.6057392958147,157.2,346.156021310809,8.06581310501155,1,NA,160034.103999615,24,NA,NA,NA,NA,NA,NA
2016-04-10,193,"W2-3x",2016-04-08 00:38:00,"2016-04-14 13:50:00","2-3",14.6057392958147,157.2,346.156021310809,8.06581310501155,1,NA,133994.770592836,24,NA,NA,NA,NA,NA,NA
2016-04-11,194,"W2-3x",2016-04-08 00:38:00,"2016-04-14 13:50:00","2-3",14.6057392958147,157.2,346.156021310809,8.06581310501155,1,NA,140936.220433905,24,NA,NA,NA,NA,NA,NA
2016-04-12,195,"W2-3x",2016-04-08 00:38:00,"2016-04-14 13:50:00","2-3",14.6057392958147,157.2,346.156021310809,8.06581310501155,1,NA,146708.007301286,24,NA,NA,NA,NA,NA,NA
2016-04-13,196,"W2-3x",2016-04-08 00:38:00,"2016-04-14 13:50:00","2-3",14.6057392958147,157.2,346.156021310809,8.06581310501155,1,NA,134128.652043624,24,NA,NA,NA,NA,NA,NA
2016-04-14,197,"W2-3x",2016-04-08 00:38:00,"2016-04-14 13:50:00","2-3",14.6057392958147,157.2,346.156021310809,8.06581310501155,1,NA,59836.1737905593,12.8666666666667,NA,NA,NA,NA,NA,NA
2016-04-14,197,"W3-1",2016-04-14 13:52:00,"2016-04-16 18:30:00","3-1",9.87330254521857,52.6333333333333,519.664823963337,32.594246195365,1,NA,64437.5082665448,10.1333333333333,8.8357358,0.0273388151413616,569352.798653506,1761.64512666903,-30.9666666666667,0.115470053837927
2016-04-15,198,"W3-1",2016-04-14 13:52:00,"2016-04-16 18:30:00","3-1",9.87330254521857,52.6333333333333,519.664823963337,32.594246195365,1,NA,137350.595657917,24,8.8357358,0.0180419324500924,1213593.57520598,2478.0701688401,-30.9666666666667,0.115470053837927
2016-04-16,199,"W3-2",2016-04-16 18:32:00,"2016-04-17 09:00:00","4-1",48.7382907874278,14.4666666666667,705.080606724789,79.9810226532562,1,NA,138666.774983866,5.46666666666667,10.73573241,0.0740564540685376,1488689.39038447,10269.1696524249,-30.8,0.173205080756888
2016-04-16,199,"W3-1",2016-04-14 13:52:00,"2016-04-16 18:30:00","3-1",9.87330254521857,52.6333333333333,519.664823963337,32.594246195365,1,NA,317876.720038876,18.5333333333333,8.8357358,0.0229074171843943,2808674.71523407,7281.73463913744,-30.9666666666667,0.115470053837927
2016-04-17,200,"W3-2.1x",2016-04-17 09:02:00,"2016-04-18 20:28:00","4-2",50.4075455687542,35.4333333333333,1786.10736465286,83.6282317414948,1,NA,1029899.54720625,14.9666666666667,NA,NA,NA,NA,NA,NA
2016-04-17,200,"W3-2",2016-04-16 18:32:00,"2016-04-17 09:00:00","4-1",48.7382907874278,14.4666666666667,705.080606724789,79.9810226532562,1,NA,566413.831740923,9.03333333333333,10.73573241,0.0580495449354961,6080867.33089332,32880.0651777313,-30.8,0.173205080756888
2016-04-18,201,"W3-2.1x",2016-04-17 09:02:00,"2016-04-18 20:28:00","4-2",50.4075455687542,35.4333333333333,1786.10736465286,83.6282317414948,1,NA,756207.817446605,20.5,NA,NA,NA,NA,NA,NA
2016-04-18,201,"W3-3",2016-04-18 20:30:00,"2016-04-21 09:10:00","4-3",9.94338332272586,60.6666666666667,603.231921578702,18.8789041643816,1,NA,58726.5876232142,3.5,0.871835608,0.00183737256334633,51199.9302262502,107.902620837848,-31.4333333333333,0.493288286231624
2016-04-19,202,"W3-3",2016-04-18 20:30:00,"2016-04-21 09:10:00","4-3",9.94338332272586,60.6666666666667,603.231921578702,18.8789041643816,1,NA,287224.964313408,24,0.871835608,0.000707204084563669,250412.951394958,203.126667951096,-31.4333333333333,0.493288286231624
2016-04-20,203,"W3-3",2016-04-18 20:30:00,"2016-04-21 09:10:00","4-3",9.94338332272586,60.6666666666667,603.231921578702,18.8789041643816,1,NA,194597.918810897,24,0.871835608,0.000701442449636166,169657.394862033,136.499240864816,-31.4333333333333,0.493288286231624
2016-04-21,204,"W3-3",2016-04-18 20:30:00,"2016-04-21 09:10:00","4-3",9.94338332272586,60.6666666666667,603.231921578702,18.8789041643816,1,NA,62682.4508311827,9.2,0.871835608,0.00113245862701622,54648.7926313342,70.9852822062926,-31.4333333333333,0.493288286231624
2016-04-21,204,"W4-1",2016-04-21 09:12:00,"2016-04-23 06:36:00","4-4",7.09895752109559,45.4,322.29267145774,8.26383188924855,1,NA,101116.618686511,14.8,0.501218996,0.000441342207238799,50681.5700969678,44.6270316796287,NA,NA
2016-04-22,205,"W4-1",2016-04-21 09:12:00,"2016-04-23 06:36:00","4-4",7.09895752109559,45.4,322.29267145774,8.26383188924855,1,NA,174209.695470694,24,0.501218996,0.000347124405200006,87317.2086572868,60.4724369203387,NA,NA
2016-04-23,206,"W4-1",2016-04-21 09:12:00,"2016-04-23 06:36:00","4-4",7.09895752109559,45.4,322.29267145774,8.26383188924855,1,NA,46966.3573005353,6.63333333333333,0.501218996,0.000659418888875712,23540.4304519516,30.9705031456587,NA,NA
2016-04-23,206,"W4-2x",2016-04-23 06:38:00,"2016-04-26 11:48:00","4-5",6.30793958403137,77.1666666666667,486.762671234421,7.98674227467689,1,NA,107715.982645272,17.3666666666667,NA,NA,NA,NA,NA,NA
2016-04-24,207,"W4-2x",2016-04-23 06:38:00,"2016-04-26 11:48:00","4-5",6.30793958403137,77.1666666666667,486.762671234421,7.98674227467689,1,NA,133954.045864961,24,NA,NA,NA,NA,NA,NA
2016-04-25,208,"W4-2x",2016-04-23 06:38:00,"2016-04-26 11:48:00","4-5",6.30793958403137,77.1666666666667,486.762671234421,7.98674227467689,1,NA,157293.437424433,24,NA,NA,NA,NA,NA,NA
2016-04-26,209,"W5-1",2016-04-26 11:50:00,"2016-05-01 10:44:00","5-1",7.80976161323569,118.9,928.580655813724,32.4655416104866,1,NA,87924.8537857907,12.1666666666667,3.586989839,0.00404122690828436,315385.557125192,355.324285026105,-31.4333333333333,0.208166599946614
2016-04-26,209,"W4-2x",2016-04-23 06:38:00,"2016-04-26 11:48:00","4-5",6.30793958403137,77.1666666666667,486.762671234421,7.98674227467689,1,NA,87799.2052997549,11.8333333333333,NA,NA,NA,NA,NA,NA
2016-04-27,210,"W5-1",2016-04-26 11:50:00,"2016-05-01 10:44:00","5-1",7.80976161323569,118.9,928.580655813724,32.4655416104866,1,NA,145227.674660664,24,3.586989839,0.0028777332128687,520930.193349401,417.926502798684,-31.4333333333333,0.208166599946614
2016-04-28,211,"W5-1",2016-04-26 11:50:00,"2016-05-01 10:44:00","5-1",7.80976161323569,118.9,928.580655813724,32.4655416104866,1,NA,149036.94856295,24,3.586989839,0.00287968431690129,534594.020130869,429.179363415552,-31.4333333333333,0.208166599946614
2016-04-29,212,"W5-1",2016-04-26 11:50:00,"2016-05-01 10:44:00","5-1",7.80976161323569,118.9,928.580655813724,32.4655416104866,1,NA,157317.240811019,24,3.586989839,0.00288065613229732,564295.344288642,453.176874458357,-31.4333333333333,0.208166599946614
2016-04-30,213,"W5-1",2016-04-26 11:50:00,"2016-05-01 10:44:00","5-1",7.80976161323569,118.9,928.580655813724,32.4655416104866,1,NA,160596.734392738,24,3.586989839,0.00288181835666814,576058.854443332,462.810617193949,-31.4333333333333,0.208166599946614
2016-05-01,214,"W5-1",2016-04-26 11:50:00,"2016-05-01 10:44:00","5-1",7.80976161323569,118.9,928.580655813724,32.4655416104866,1,NA,228477.203600562,10.7666666666667,3.586989839,0.00443711749999654,819545.407758349,1013.78019844633,-31.4333333333333,0.208166599946614
2016-05-01,214,"W5-2",2016-05-01 10:46:00,"2016-05-03 12:00:00","6-1",18.3314171260427,49.2333333333333,902.516769838838,48.5316537008299,1,NA,264891.495075864,13.2333333333333,0.813034214,0.00105138373228154,215365.84849429,278.5026087425,-30.65,0.512835256198324
2016-05-02,215,"W5-2",2016-05-01 10:46:00,"2016-05-03 12:00:00","6-1",18.3314171260427,49.2333333333333,902.516769838838,48.5316537008299,1,NA,500506.259735028,24,0.813034214,0.000717581613448252,406928.713485748,359.154089401611,-30.65,0.512835256198324
2016-05-03,216,"W5-2",2016-05-01 10:46:00,"2016-05-03 12:00:00","6-1",18.3314171260427,49.2333333333333,902.516769838838,48.5316537008299,1,NA,137119.015027946,12.0333333333333,0.813034214,0.000999019333363039,111482.4506077,136.984546984615,-30.65,0.512835256198324
2016-05-03,216,"W5-3x",2016-05-03 12:02:00,"2016-05-03 13:08:00","6-2",12.1184644687004,1.1,13.3303109155705,12.9614710381104,1,NA,13330.3109155705,1.13333333333333,NA,NA,NA,NA,NA,NA
2016-05-03,216,"W6-1",2016-05-03 13:10:00,"2016-05-10 00:04:00","6-3",5.89503388276492,154.9,913.140748440286,15.2299207267172,1,NA,104054.546157483,10.8333333333333,0.143494568,0.000122293860124986,14931.2621493041,12.7252321131522,NA,NA
2016-05-04,217,"W6-1",2016-05-03 13:10:00,"2016-05-10 00:04:00","6-3",5.89503388276492,154.9,913.140748440286,15.2299207267172,1,NA,154799.854016621,24,0.143494568,8.02467125444226e-05,22212.938178578,12.4221793871903,NA,NA
2016-05-05,218,"W6-1",2016-05-03 13:10:00,"2016-05-10 00:04:00","6-3",5.89503388276492,154.9,913.140748440286,15.2299207267172,1,NA,137036.863076425,24,0.143494568,8.02071614902604e-05,19664.0454672268,10.9913378068896,NA,NA
2016-05-06,219,"W6-1",2016-05-03 13:10:00,"2016-05-10 00:04:00","6-3",5.89503388276492,154.9,913.140748440286,15.2299207267172,1,NA,163067.549673421,24,0.143494568,8.05921525714962e-05,23399.3075952061,13.1419648427404,NA,NA
2016-05-07,220,"W6-1",2016-05-03 13:10:00,"2016-05-10 00:04:00","6-3",5.89503388276492,154.9,913.140748440286,15.2299207267172,1,NA,136258.916425975,24,0.143494568,8.02180803256258e-05,19552.4143486934,10.9304287029416,NA,NA
2016-05-08,221,"W6-1",2016-05-03 13:10:00,"2016-05-10 00:04:00","6-3",5.89503388276492,154.9,913.140748440286,15.2299207267172,1,NA,121090.516355417,24,0.143494568,8.02080470062253e-05,17375.8313333175,9.71243382784338,NA,NA
2016-05-09,222,"W6-1",2016-05-03 13:10:00,"2016-05-10 00:04:00","6-3",5.89503388276492,154.9,913.140748440286,15.2299207267172,1,NA,96461.3295414078,24,0.143494568,8.05752367024395e-05,13841.6768112499,7.77239446043095,NA,NA
2016-05-10,223,"W6-2",2016-05-10 00:06:00,"2016-05-12 06:32:00","7-1",9.02299961404075,54.4333333333333,491.151945657618,91.2185771483047,1,NA,87366.8998613908,23.9,0.041090858,9.50665126303679e-05,3589.98087610463,8.305666489149,NA,NA
2016-05-10,223,"W6-1",2016-05-03 13:10:00,"2016-05-10 00:04:00","6-3",5.89503388276492,154.9,913.140748440286,15.2299207267172,1,NA,371.173193535548,0.1,0.143494568,0.0012413315923021,53.2613370595638,0.460749011351339,NA,NA
2016-05-11,224,"W6-2",2016-05-10 00:06:00,"2016-05-12 06:32:00","7-1",9.02299961404075,54.4333333333333,491.151945657618,91.2185771483047,1,NA,281592.394032375,24,0.041090858,0.000165306420692491,11570.8730770644,46.5490307517215,NA,NA
2016-05-12,225,"W6-4",2016-05-12 09:12:00,"2016-05-12 12:50:00","8-2",179.150849138001,3.63333333333333,650.914751868072,347.869063764883,3,"A-2",650914.751868072,3.66666666666667,0.021934117,2.26425915297221e-05,14277.2403245003,14.7383968472191,-30.25,0.0707106781186558
2016-05-12,225,"W6-2",2016-05-10 00:06:00,"2016-05-12 06:32:00","7-1",9.02299961404075,54.4333333333333,491.151945657618,91.2185771483047,1,NA,122192.651763853,6.56666666666667,0.041090858,0.000181244088368811,5021.00090227193,22.1466957743071,NA,NA
2016-05-12,225,"W6-3",2016-05-12 06:34:00,"2016-05-12 09:10:00","8-1",258.243890821744,2.6,671.434116136534,921.403101980793,2,"A-1",671434.116136534,2.63333333333333,8.922689085,0.0273989081390523,5990997.85934808,18396.5616694507,-30.5666666666667,0.0577350269189634
2016-05-12,225,"W6-5x",2016-05-12 12:52:00,"2016-05-13 12:04:00","8-3",114.993514005054,23.2,2667.84952491726,197.670266787168,3,NA,1628511.1768044,11.1333333333333,NA,NA,NA,NA,NA,NA
2016-05-13,226,"W7-1",2016-05-13 12:06:00,"2016-05-16 15:10:00","9-1",25.9767915649536,75.0666666666667,1949.99115347585,136.754012744175,1,NA,558317.754089025,11.9,0.188811426,0.000243983903987948,105416.771310666,136.220545308423,NA,NA
2016-05-13,226,"W6-5x",2016-05-12 12:52:00,"2016-05-13 12:04:00","8-3",114.993514005054,23.2,2667.84952491726,197.670266787168,3,NA,1039338.34811286,12.1,NA,NA,NA,NA,NA,NA
2016-05-14,227,"W7-1",2016-05-13 12:06:00,"2016-05-16 15:10:00","9-1",25.9767915649536,75.0666666666667,1949.99115347585,136.754012744175,1,NA,830917.970770004,24,0.188811426,0.000154515320248798,156886.806950111,128.389556354009,NA,NA
2016-05-15,228,"W7-1",2016-05-13 12:06:00,"2016-05-16 15:10:00","9-1",25.9767915649536,75.0666666666667,1949.99115347585,136.754012744175,1,NA,393614.786410727,24,0.188811426,0.000153646277605867,74318.9691168947,60.4774467426366,NA,NA
2016-05-16,229,"W7-1",2016-05-13 12:06:00,"2016-05-16 15:10:00","9-1",25.9767915649536,75.0666666666667,1949.99115347585,136.754012744175,1,NA,167140.642206092,15.2,0.188811426,0.000189941345863773,31558.0629974881,31.7469185291605,NA,NA
2016-05-16,229,"W7-2x",2016-05-16 15:12:00,"2016-05-17 09:14:00","9-2",8.89870647842862,18.0333333333333,160.769963710277,10.8236449438807,1,NA,84854.0854714963,8.8,NA,NA,NA,NA,NA,NA
2016-05-17,230,"W7-2x",2016-05-16 15:12:00,"2016-05-17 09:14:00","9-2",8.89870647842862,18.0333333333333,160.769963710277,10.8236449438807,1,NA,75670.0949081072,9.26666666666667,NA,NA,NA,NA,NA,NA
2016-05-17,230,"W8-1",2016-05-17 09:16:00,"2016-05-23 18:00:00","9-3",5.25001927828275,152.733333333333,802.027945078995,7.77175824442973,1,NA,85583.7077618118,14.7333333333333,0.25050556,0.000575514102456792,21439.194639749,49.2546307574635,NA,NA
2016-05-18,231,"W8-1",2016-05-17 09:16:00,"2016-05-23 18:00:00","9-3",5.25001927828275,152.733333333333,802.027945078995,7.77175824442973,1,NA,122595.49221373,24,0.25050556,0.000451064044918895,30710.852430476,55.2984186067478,NA,NA
2016-05-19,232,"W8-1",2016-05-17 09:16:00,"2016-05-23 18:00:00","9-3",5.25001927828275,152.733333333333,802.027945078995,7.77175824442973,1,NA,121003.404215646,24,0.25050556,0.000452790938300486,30312.0255349467,54.7892449323553,NA,NA
2016-05-20,233,"W8-1",2016-05-17 09:16:00,"2016-05-23 18:00:00","9-3",5.25001927828275,152.733333333333,802.027945078995,7.77175824442973,1,NA,124881.898611786,24,0.25050556,0.000450956279301352,31283.6099456086,56.3162763500596,NA,NA
2016-05-21,234,"W8-1",2016-05-17 09:16:00,"2016-05-23 18:00:00","9-3",5.25001927828275,152.733333333333,802.027945078995,7.77175824442973,1,NA,123659.094181303,24,0.25050556,0.00045282892896477,30977.29063698,55.996415174873,NA,NA
2016-05-22,235,"W8-1",2016-05-17 09:16:00,"2016-05-23 18:00:00","9-3",5.25001927828275,152.733333333333,802.027945078995,7.77175824442973,1,NA,145473.618413894,24,0.25050556,0.000455257565644204,36441.9502459989,66.2279653845632,NA,NA
2016-05-23,236,"W8-1",2016-05-17 09:16:00,"2016-05-23 18:00:00","9-3",5.25001927828275,152.733333333333,802.027945078995,7.77175824442973,1,NA,78685.0076205646,18.0333333333333,0.25050556,0.000521313964390089,19711.0318975938,41.0195932607409,NA,NA
2016-05-23,236,"W8-2x",2016-05-23 18:02:00,"2016-05-24 11:58:00","9-4",4.34815795108027,17.9333333333333,78.1219045210755,5.07686820650729,1,NA,26104.9071099394,5.96666666666667,NA,NA,NA,NA,NA,NA
2016-05-24,237,"W8-2x",2016-05-23 18:02:00,"2016-05-24 11:58:00","9-4",4.34815795108027,17.9333333333333,78.1219045210755,5.07686820650729,1,NA,51865.9792994132,12,NA,NA,NA,NA,NA,NA
2016-05-24,237,"W9-1",2016-05-24 12:00:00,"2016-05-29 12:08:00","9-5",3.98854631501369,120.133333333333,479.157363976978,5.11676366158044,1,NA,53533.8662512431,12,0.18378898,0.00030283387060286,9838.93467377239,16.2118679251997,-30.55,0.413521462562707
2016-05-25,238,"W9-1",2016-05-24 12:00:00,"2016-05-29 12:08:00","9-5",3.98854631501369,120.133333333333,479.157363976978,5.11676366158044,1,NA,105114.086209306,24,0.18378898,0.000214094316875721,19318.8106880404,22.504328480997,-30.55,0.413521462562707
2016-05-26,239,"W9-1",2016-05-24 12:00:00,"2016-05-29 12:08:00","9-5",3.98854631501369,120.133333333333,479.157363976978,5.11676366158044,1,NA,93993.3581852275,24,0.18378898,0.000214151504024227,17274.9434276376,20.1288190236544,-30.55,0.413521462562707
2016-05-27,240,"W9-1",2016-05-24 12:00:00,"2016-05-29 12:08:00","9-5",3.98854631501369,120.133333333333,479.157363976978,5.11676366158044,1,NA,91940.8627217224,24,0.18378898,0.000213994523741456,16897.7173799454,19.6748411305135,-30.55,0.413521462562707
2016-05-28,241,"W9-1",2016-05-24 12:00:00,"2016-05-29 12:08:00","9-5",3.98854631501369,120.133333333333,479.157363976978,5.11676366158044,1,NA,88462.9006159696,24,0.18378898,0.000213996927109976,16258.5062720504,18.9307888950527,-30.55,0.413521462562707
2016-05-29,242,"W9-1",2016-05-24 12:00:00,"2016-05-29 12:08:00","9-5",3.98854631501369,120.133333333333,479.157363976978,5.11676366158044,1,NA,46112.2899935092,12.1666666666667,0.18378898,0.000301553047285008,8474.93074337126,13.9053015648327,-30.55,0.413521462562707
2016-05-29,242,"W9-2",2016-05-29 12:10:00,"2016-05-30 05:46:00","10-1",16.5599531485507,17.6,291.455175414492,185.627883896231,2,"B-1",235632.775906676,11.8333333333333,26.73670211,0.129243896943115,6300043.33676917,30454.0982057024,-31.425,0.478713553878169
2016-05-30,243,"W9-2",2016-05-29 12:10:00,"2016-05-30 05:46:00","10-1",16.5599531485507,17.6,291.455175414492,185.627883896231,2,"B-1",55822.3995078164,5.8,26.73670211,0.108484918235349,1492506.8667059,6055.88844630644,-31.425,0.478713553878169
2016-05-30,243,"W9-3",2016-05-30 05:48:00,"2016-05-30 12:10:00","10-2",88.6789641467239,6.36666666666667,564.589405067475,186.487595747524,2,"B-2",564589.405067475,6.4,12.18629264,0.0191321106075237,6880251.71159575,10801.7869455869,-29.6,0
2016-05-30,243,"W9-4",2016-05-30 12:12:00,"2016-05-30 17:26:00","10-3",91.4295130757144,5.23333333333333,478.481118429572,187.005876598019,3,"B-3",478481.118429572,5.26666666666667,12.5765701,0.0152758662096704,6017651.32745591,7309.21354898361,-29.7333333333333,0.152752523165193
2016-05-30,243,"W9-5x",2016-05-30 17:28:00,"2016-05-31 11:58:00","10-4",47.9985138239316,18.5,887.972505742735,65.5579382531767,1,NA,371690.27521585,6.53333333333333,NA,NA,NA,NA,NA,NA
2016-05-31,244,"W10-1",2016-05-31 12:00:00,"2016-06-02 12:56:00","10-5",19.8526044950751,48.9333333333333,971.454113292344,35.0572482298323,1,NA,344321.112908419,12,0.513993882,7.19714355757093e-05,176978.945478359,24.7812847950448,-29.0666666666667,0.251661147842358
2016-05-31,244,"W9-5x",2016-05-30 17:28:00,"2016-05-31 11:58:00","10-4",47.9985138239316,18.5,887.972505742735,65.5579382531767,1,NA,516282.230526885,12,NA,NA,NA,NA,NA,NA
2016-06-01,245,"W10-1",2016-05-31 12:00:00,"2016-06-02 12:56:00","10-5",19.8526044950751,48.9333333333333,971.454113292344,35.0572482298323,1,NA,440421.623764541,24,0.513993882,5.14050686088639e-05,226374.02011548,22.6399037864435,-29.0666666666667,0.251661147842358
2016-06-02,246,"W10-1",2016-05-31 12:00:00,"2016-06-02 12:56:00","10-5",19.8526044950751,48.9333333333333,971.454113292344,35.0572482298323,1,NA,186711.376619383,12.9666666666667,0.513993882,6.93530680574431e-05,95968.5052821607,12.949006809783,-29.0666666666667,0.251661147842358
2016-06-02,246,"W10-2",2016-06-02 12:58:00,"2016-06-03 12:04:00","11-1",25.7808782086433,23.1,595.53828661966,142.636592237813,2,"C-1",132311.862699895,11.0333333333333,3.388018252,0.00176560350676974,448275.005783361,233.610288770171,-30.025,0.478713553878169
2016-06-03,247,"W10-2",2016-06-02 12:58:00,"2016-06-03 12:04:00","11-1",25.7808782086433,23.1,595.53828661966,142.636592237813,2,"C-1",463226.423919765,12.1,3.388018252,0.00208162057155999,1569419.57904885,964.261653321554,-30.025,0.478713553878169
2016-06-03,247,"W10-3",2016-06-03 12:06:00,"2016-06-04 08:34:00","12-1",43.5876816127707,20.4666666666667,892.094550341373,121.660868224042,2,"D-1",472138.951978357,11.9,3.333898457,0.00277011929062194,1574063.32349024,1307.88121872927,-30.3666666666667,0.550757054728609
2016-06-04,248,"W10-3",2016-06-03 12:06:00,"2016-06-04 08:34:00","12-1",43.5876816127707,20.4666666666667,892.094550341373,121.660868224042,2,"D-1",419955.598363016,8.6,3.333898457,0.00305702330950572,1400089.32139097,1283.81405315316,-30.3666666666667,0.550757054728609
2016-06-04,248,"W10-5",2016-06-04 11:00:00,"2016-06-04 15:30:00","12-3",136.612650343944,4.5,614.756926547748,298.894815417645,3,"E-2",614756.926547748,4.53333333333333,5.525509132,0.00580962310204984,3396845.01159983,3571.50604261695,-29.42,0.303315017762062
2016-06-04,248,"W10-4",2016-06-04 08:36:00,"2016-06-04 10:58:00","12-2",229.221860184949,2.36666666666667,542.491735771046,327.473311655984,2,"E-1",542491.735771046,2.4,5.179724598,0.0178567152409317,2809957.787985,9687.12044622234,-30.7,0.360555127546399
2016-06-04,248,"W10-6x",2016-06-04 15:32:00,"2016-06-07 11:58:00","13-1",49.5938543841663,68.4333333333333,3395.52589683592,360.462544499159,3,NA,1263529.93738375,8.46666666666667,NA,NA,NA,NA,NA,NA
2016-06-05,249,"W10-6x",2016-06-04 15:32:00,"2016-06-07 11:58:00","13-1",49.5938543841663,68.4333333333333,3395.52589683592,360.462544499159,3,NA,1214483.66819368,24,NA,NA,NA,NA,NA,NA
2016-06-06,250,"W10-6x",2016-06-04 15:32:00,"2016-06-07 11:58:00","13-1",49.5938543841663,68.4333333333333,3395.52589683592,360.462544499159,3,NA,677930.085318061,24,NA,NA,NA,NA,NA,NA
2016-06-07,251,"W11-1",2016-06-07 12:00:00,"2016-06-10 05:24:00","14-1",14.2586415009587,65.4,932.515154162702,38.417591539855,1,NA,204278.961010605,12,0.746468893,7.91324164344177e-05,152487.889888776,16.1650878114813,-28.6,0.458257569495585
2016-06-07,251,"W10-6x",2016-06-04 15:32:00,"2016-06-07 11:58:00","13-1",49.5938543841663,68.4333333333333,3395.52589683592,360.462544499159,3,NA,238976.344477278,12,NA,NA,NA,NA,NA,NA
2016-06-08,252,"W11-1",2016-06-07 12:00:00,"2016-06-10 05:24:00","14-1",14.2586415009587,65.4,932.515154162702,38.417591539855,1,NA,390752.383277314,24,0.746468893,5.82784871231432e-05,291684.498982128,22.7724577371645,-28.6,0.458257569495585
2016-06-09,253,"W11-1",2016-06-07 12:00:00,"2016-06-10 05:24:00","14-1",14.2586415009587,65.4,932.515154162702,38.417591539855,1,NA,281423.299318259,24,0.746468893,5.62396904278756e-05,210073.738706509,15.8271592328503,-28.6,0.458257569495585
2016-06-10,254,"W11-2",2016-06-10 05:26:00,"2016-06-14 12:32:00","15-1",8.70259045438841,103.1,897.237075847445,15.766291193378,1,NA,171051.651230262,18.5666666666667,4.459848052,6.36465024490788e-05,762864.373530668,10.8868393389459,-29.78,0.396232255123179
2016-06-10,254,"W11-1",2016-06-07 12:00:00,"2016-06-10 05:24:00","14-1",14.2586415009587,65.4,932.515154162702,38.417591539855,1,NA,56060.5105565239,5.43333333333333,0.746468893,0.000117525823769184,41847.4272561432,6.58855768407653,-28.6,0.458257569495585
2016-06-11,255,"W11-2",2016-06-10 05:26:00,"2016-06-14 12:32:00","15-1",8.70259045438841,103.1,897.237075847445,15.766291193378,1,NA,223603.976807894,24,4.459848052,5.63323139433806e-05,997239.760386139,12.5961294205307,-29.78,0.396232255123179
2016-06-12,256,"W11-2",2016-06-10 05:26:00,"2016-06-14 12:32:00","15-1",8.70259045438841,103.1,897.237075847445,15.766291193378,1,NA,220667.998898577,24,4.459848052,5.64152839210419e-05,984145.745026559,12.4490478101514,-29.78,0.396232255123179
2016-06-13,257,"W11-2",2016-06-10 05:26:00,"2016-06-14 12:32:00","15-1",8.70259045438841,103.1,897.237075847445,15.766291193378,1,NA,196886.061512686,24,4.459848052,5.70870247957686e-05,878081.917903307,11.2396394755159,-29.78,0.396232255123179
2016-06-14,258,"W11-3",2016-06-14 12:34:00,"2016-06-14 13:04:00","15-2",214.935029585366,0.5,107.467514792683,411.737093846992,2,"F-1",107467.514792683,0.533333333333333,3.123106254,0.0447969318284513,335632.467550866,4814.21493394091,-29.9333333333333,0.450924975282289
2016-06-14,258,"W11-2",2016-06-10 05:26:00,"2016-06-14 12:32:00","15-1",8.70259045438841,103.1,897.237075847445,15.766291193378,1,NA,85027.3873980249,12.5666666666667,4.459848052,7.72844454929259e-05,379209.228053731,6.57129448676855,-29.78,0.396232255123179
2016-06-14,258,"W12-1",2016-06-14 13:06:00,"2016-06-15 08:12:00","15-3",55.9093116569973,19.1,1066.00420892675,405.049675077593,3,NA,814407.548156394,10.9,0.018969085,0.0105176101525952,15448.5660056202,8565.62109683981,NA,NA
2016-06-15,259,"W12-2",2016-06-15 08:14:00,"2016-06-16 08:20:00","15-4",24.9986174885763,24.1,601.63339422507,30.6820063606051,1,NA,421245.322800152,15.7666666666667,0.010987175,0.00677173100041226,4628.29607953676,2852.56001118446,NA,NA
2016-06-15,259,"W12-1",2016-06-14 13:06:00,"2016-06-15 08:12:00","15-3",55.9093116569973,19.1,1066.00420892675,405.049675077593,3,NA,265098.316606274,8.23333333333333,0.018969085,0.00936246341054531,5028.67250106132,2481.9732894234,NA,NA
2016-06-16,260,"W12-3",2016-06-16 08:22:00,"2016-06-17 00:48:00","16-1",68.2312518848933,16.4333333333333,1121.26690597508,824.618914936738,2,NA,1024316.4098868,15.6333333333333,0.024591845,0.0169444158816515,25189.8303828926,17356.4432435221,NA,NA
2016-06-16,260,"W12-2",2016-06-15 08:14:00,"2016-06-16 08:20:00","15-4",24.9986174885763,24.1,601.63339422507,30.6820063606051,1,NA,181370.467641637,8.36666666666667,0.010987175,0.00929145222624328,1992.74906781051,1685.19503534367,NA,NA
2016-06-17,261,"W12-3",2016-06-16 08:22:00,"2016-06-17 00:48:00","16-1",68.2312518848933,16.4333333333333,1121.26690597508,824.618914936738,2,NA,96950.4960882826,0.833333333333333,0.024591845,0.0381492286504483,2384.19157247615,3698.58664304628,NA,NA
2016-06-17,261,"W12-4",2016-06-17 00:50:00,"2016-06-17 11:04:00","16-2",95.6752931486318,10.2333333333333,979.077166554332,339.928645120242,3,NA,979077.166554332,10.2666666666667,0.027985134,0.0100971827680982,27399.6057023633,9885.92109477085,NA,NA
2016-06-17,261,"W12-5x",2016-06-17 11:06:00,"2016-06-21 11:58:00","17-1",33.1648814542001,96.8666666666667,3553.0642997933,83.1555629335171,1,NA,580937.29345596,12.9,NA,NA,NA,NA,NA,NA
2016-06-18,262,"W12-5x",2016-06-17 11:06:00,"2016-06-21 11:58:00","17-1",33.1648814542001,96.8666666666667,3553.0642997933,83.1555629335171,1,NA,853504.878711855,24,NA,NA,NA,NA,NA,NA
2016-06-19,263,"W12-5x",2016-06-17 11:06:00,"2016-06-21 11:58:00","17-1",33.1648814542001,96.8666666666667,3553.0642997933,83.1555629335171,1,NA,604968.988938638,24,NA,NA,NA,NA,NA,NA
2016-06-20,264,"W12-5x",2016-06-17 11:06:00,"2016-06-21 11:58:00","17-1",33.1648814542001,96.8666666666667,3553.0642997933,83.1555629335171,1,NA,381315.662919705,24,NA,NA,NA,NA,NA,NA
2016-06-21,265,"W12-5x",2016-06-17 11:06:00,"2016-06-21 11:58:00","17-1",33.1648814542001,96.8666666666667,3553.0642997933,83.1555629335171,1,NA,153260.309212815,12,NA,NA,NA,NA,NA,NA
2016-06-21,265,"W13-1",2016-06-21 12:00:00,"2016-06-24 14:50:00","17-2",8.14612714188196,74.8333333333333,609.601847784166,11.2744053307495,1,NA,124944.926379978,12,6.799778499,0.00775309076751765,849597.823957713,968.709355164781,-30.6,0.200000000000001
2016-06-22,266,"W13-1",2016-06-21 12:00:00,"2016-06-24 14:50:00","17-2",8.14612714188196,74.8333333333333,609.601847784166,11.2744053307495,1,NA,210636.122327402,24,6.799778499,0.00548566583557744,1432278.9757146,1155.47937998994,-30.6,0.200000000000001
2016-06-23,267,"W13-1",2016-06-21 12:00:00,"2016-06-24 14:50:00","17-2",8.14612714188196,74.8333333333333,609.601847784166,11.2744053307495,1,NA,177053.994809446,24,6.799778499,0.00548552312180399,1203927.94706733,971.233782334979,-30.6,0.200000000000001
2016-06-24,268,"W13-1",2016-06-21 12:00:00,"2016-06-24 14:50:00","17-2",8.14612714188196,74.8333333333333,609.601847784166,11.2744053307495,1,NA,96966.8042673404,14.8666666666667,6.799778499,0.00696640210415664,659352.790773803,675.509749281345,-30.6,0.200000000000001
2016-06-24,268,"W13-2",2016-06-24 14:52:00,"2016-06-25 07:48:00","18-1",35.0030203817473,16.9333333333333,592.717811797588,247.752551635421,2,"G-1",57872.3181211504,9.13333333333333,16.81170823,0.00888641135286159,972932.526846522,514.277224768208,-29,0.270801280154531
2016-06-25,269,"W13-2",2016-06-24 14:52:00,"2016-06-25 07:48:00","18-1",35.0030203817473,16.9333333333333,592.717811797588,247.752551635421,2,"G-1",534845.493676438,7.83333333333333,16.81170823,0.0149678830722172,8991666.38781858,8005.5048110512,-29,0.270801280154531
2016-06-25,269,"W13-3",2016-06-25 07:50:00,"2016-06-28 08:54:00","18-2",13.7898774031348,73.0666666666667,1007.58037558905,38.5453935211607,1,NA,387057.861130454,16.1666666666667,1.018867237,0.00685069848037979,394360.573529115,2651.61670106545,NA,NA
2016-06-26,270,"W13-3",2016-06-25 07:50:00,"2016-06-28 08:54:00","18-2",13.7898774031348,73.0666666666667,1007.58037558905,38.5453935211607,1,NA,321958.542069217,24,1.018867237,0.00551531742073546,328033.010186611,1775.70355582894,NA,NA
2016-06-27,271,"W13-3",2016-06-25 07:50:00,"2016-06-28 08:54:00","18-2",13.7898774031348,73.0666666666667,1007.58037558905,38.5453935211607,1,NA,224046.864296892,24,1.018867237,0.00550271336920167,228274.009584689,1232.86567549422,NA,NA
2016-06-28,272,"W14-1",2016-06-28 08:56:00,"2016-07-04 14:40:00","18-3",6.28554710543688,149.733333333333,941.155919920749,14.7713697139681,1,NA,131644.058129852,15.0666666666667,0.148914686,0.00696639353590525,19603.7335801726,917.084315596135,NA,NA
2016-06-28,272,"W13-3",2016-06-25 07:50:00,"2016-06-28 08:54:00","18-2",13.7898774031348,73.0666666666667,1007.58037558905,38.5453935211607,1,NA,74517.1080924838,8.93333333333333,1.018867237,0.00898081214307295,75923.0400314193,669.224149223658,NA,NA
2016-06-29,273,"W14-1",2016-06-28 08:56:00,"2016-07-04 14:40:00","18-3",6.28554710543688,149.733333333333,941.155919920749,14.7713697139681,1,NA,174127.950103953,24,0.148914686,0.00548145617732338,25930.2090135539,954.474727741973,NA,NA
2016-06-30,274,"W14-1",2016-06-28 08:56:00,"2016-07-04 14:40:00","18-3",6.28554710543688,149.733333333333,941.155919920749,14.7713697139681,1,NA,169211.383216397,24,0.148914686,0.00552426428130142,25198.0599992955,934.76840029195,NA,NA
2016-07-01,275,"W14-1",2016-06-28 08:56:00,"2016-07-04 14:40:00","18-3",6.28554710543688,149.733333333333,941.155919920749,14.7713697139681,1,NA,157011.236347875,24,0.148914686,0.0054909923372004,23381.2789592156,862.147495640542,NA,NA
2016-07-02,276,"W14-1",2016-06-28 08:56:00,"2016-07-04 14:40:00","18-3",6.28554710543688,149.733333333333,941.155919920749,14.7713697139681,1,NA,140281.07701215,24,0.148914686,0.00550019356780977,20889.9125350061,771.573077467653,NA,NA
2016-07-03,277,"W14-1",2016-06-28 08:56:00,"2016-07-04 14:40:00","18-3",6.28554710543688,149.733333333333,941.155919920749,14.7713697139681,1,NA,106463.488834163,24,0.148914686,0.00552190654958073,15853.9770102038,587.881436284577,NA,NA
2016-07-04,278,"W14-1",2016-06-28 08:56:00,"2016-07-04 14:40:00","18-3",6.28554710543688,149.733333333333,941.155919920749,14.7713697139681,1,NA,62416.7262763588,14.7,0.148914686,0.00700740249339871,9294.76719459192,437.379123338741,NA,NA
2016-07-04,278,"W15-1",2016-07-04 14:42:00,"2016-07-12 10:20:00","18-4",2.70409320708855,187.633333333333,507.378022090048,4.51666331105987,1,NA,39624.2436580806,9.3,0.167251535,5.09210752662788e-05,6627.215575028,2.01770909368249,NA,NA
2016-07-05,279,"W15-1",2016-07-04 14:42:00,"2016-07-12 10:20:00","18-4",2.70409320708855,187.633333333333,507.378022090048,4.51666331105987,1,NA,87667.0195453348,24,0.167251535,3.17302494178814e-05,14662.4435878322,2.78169639589576,NA,NA
2016-07-06,280,"W15-1",2016-07-04 14:42:00,"2016-07-12 10:20:00","18-4",2.70409320708855,187.633333333333,507.378022090048,4.51666331105987,1,NA,69385.2379189187,24,0.167251535,3.17012378460255e-05,11604.7875482794,2.19959793027071,NA,NA
2016-07-07,281,"W15-1",2016-07-04 14:42:00,"2016-07-12 10:20:00","18-4",2.70409320708855,187.633333333333,507.378022090048,4.51666331105987,1,NA,64482.6387434623,24,0.167251535,3.1709953649423e-05,10784.8203106945,2.04474148574768,NA,NA
2016-07-08,282,"W15-1",2016-07-04 14:42:00,"2016-07-12 10:20:00","18-4",2.70409320708855,187.633333333333,507.378022090048,4.51666331105987,1,NA,58463.5239056155,24,0.167251535,3.17274508199904e-05,9778.11411472338,1.85489857947875,NA,NA
2016-07-09,283,"W15-1",2016-07-04 14:42:00,"2016-07-12 10:20:00","18-4",2.70409320708855,187.633333333333,507.378022090048,4.51666331105987,1,NA,56186.2563447766,24,0.167251535,3.17196110207284e-05,9397.23761956738,1.78220619596725,NA,NA
2016-07-10,284,"W15-1",2016-07-04 14:42:00,"2016-07-12 10:20:00","18-4",2.70409320708855,187.633333333333,507.378022090048,4.51666331105987,1,NA,54981.3718005937,24,0.167251535,3.17270893790484e-05,9195.71883005501,1.74439889730013,NA,NA
2016-07-11,285,"W15-1",2016-07-04 14:42:00,"2016-07-12 10:20:00","18-4",2.70409320708855,187.633333333333,507.378022090048,4.51666331105987,1,NA,53592.4121136028,24,0.167251535,3.18147694589153e-05,8963.41319035266,1.70503023614145,NA,NA
2016-07-12,286,"W15-1",2016-07-04 14:42:00,"2016-07-12 10:20:00","18-4",2.70409320708855,187.633333333333,507.378022090048,4.51666331105987,1,NA,22995.3180596629,10.3666666666667,0.167251535,4.82151355384132e-05,3846.00224329185,1.10872237699557,NA,NA
2016-09-08,344,"W16-1",2016-09-08 00:00:00,"2016-09-08 11:46:00",NA,NA,NA,NA,NA,NA,NA,686.364564404062,11.8,0.045876,0.000845105642159397,31.4876607566008,0.58005056595615,NA,NA
2016-09-30,366,"W17-1",2016-09-30 00:00:00,"2016-09-30 23:58:00",NA,NA,NA,NA,NA,NA,NA,2.90502545937569,24,0.022301625,0.00064565909550433,0.0647867884104494,0.00187565611051756,NA,NA
